cod_ibge;municipio;qtd_leitos;qtd_uti
110001;Alta Floresta d'Oeste;33;0
110002;Ariquemes;163;19
110003;Cabixi;5;0
110004;Cacoal;261;28
110005;Cerejeiras;27;0
110006;Colorado do Oeste;31;0
110007;Corumbiara;16;0
110008;Costa Marques;34;0
110009;Espigão d'Oeste;37;0
110010;Guajará-Mirim;39;0
110011;Jaru;62;0
110012;Ji-Paraná;156;10
110013;Machadinho d'Oeste;27;0
110014;Nova Brasilândia d'Oeste;30;0
110015;Ouro Preto do Oeste;55;0
110018;Pimenta Bueno;23;0
110020;Porto Velho;1340;165
110025;Presidente Médici;32;0
110026;Rio Crespo;8;0
110028;Rolim de Moura;54;0
110029;Santa Luzia d'Oeste;16;0
110030;Vilhena;144;10
110032;São Miguel do Guaporé;27;0
110033;Nova Mamoré;11;0
110034;Alvorada d'Oeste;19;0
110037;Alto Alegre dos Parecis;8;0
110040;Alto Paraíso;12;0
110045;Buritis;31;0
110050;Novo Horizonte do Oeste;13;0
110060;Cacaulândia;16;0
110070;Campo Novo de Rondônia;12;0
110080;Candeias do Jamari;5;0
110090;Castanheiras;7;0
110092;Chupinguaia;6;0
110094;Cujubim;8;0
110100;Governador Jorge Teixeira;11;0
110110;Itapuã do Oeste;10;0
110120;Ministro Andreazza;10;0
110130;Mirante da Serra;16;0
110140;Monte Negro;18;0
110143;Nova União;9;0
110145;Parecis;6;0
110146;Pimenteiras do Oeste;5;0
110148;São Felipe d'Oeste;7;0
110149;São Francisco do Guaporé;15;0
110150;Seringueiras;56;0
110155;Teixeirópolis;5;0
110160;Theobroma;9;0
110170;Urupá;10;0
110175;Vale do Anari;9;0
110180;Vale do Paraíso;10;0
120001;Acrelândia;9;0
120005;Assis Brasil;7;0
120010;Brasiléia;23;0
120020;Cruzeiro do Sul;116;7
120030;Feijó;23;0
120032;Jordão;7;0
120033;Mâncio Lima;12;0
120034;Manoel Urbano;14;0
120035;Marechal Thaumaturgo;8;0
120038;Plácido de Castro;27;0
120039;Porto Walter;8;0
120040;Rio Branco;514;36
120042;Rodrigues Alves;8;0
120043;Santa Rosa do Purus;11;0
120045;Senador Guiomard;23;0
120050;Sena Madureira;32;0
120060;Tarauacá;19;0
120070;Xapuri;19;0
130002;Alvarães;10;0
130006;Amaturá;12;0
130008;Anamã;12;0
130010;Anori;11;0
130014;Apuí;26;0
130020;Atalaia do Norte;18;0
130030;Autazes;17;0
130040;Barcelos;17;0
130050;Barreirinha;16;0
130060;Benjamin Constant;18;0
130063;Beruri;4;0
130068;Boa Vista do Ramos;10;0
130070;Boca do Acre;34;0
130080;Borba;20;0
130083;Caapiranga;12;0
130090;Canutama;7;0
130100;Carauari;28;0
130110;Careiro;10;0
130120;Coari;49;0
130130;Codajás;20;0
130140;Eirunepé;29;0
130150;Envira;11;0
130160;Fonte Boa;37;0
130165;Guajará;15;0
130170;Humaitá;22;0
130180;Ipixuna;15;0
130185;Iranduba;22;0
130190;Itacoatiara;61;0
130195;Itamarati;10;0
130200;Itapiranga;11;0
130210;Japurá;9;0
130220;Juruá;10;0
130230;Jutaí;12;0
130240;Lábrea;25;0
130250;Manacapuru;42;0
130255;Manaquiri;14;0
130260;Manaus;2363;315
130270;Manicoré;22;0
130280;Maraã;10;0
130290;Maués;49;0
130300;Nhamundá;11;0
130310;Nova Olinda do Norte;17;0
130320;Novo Airão;8;0
130330;Novo Aripuanã;16;0
130340;Parintins;64;0
130350;Pauini;16;0
130353;Presidente Figueiredo;17;0
130356;Rio Preto da Eva;16;0
130360;Santa Isabel do Rio Negro;10;0
130370;Santo Antônio do Içá;41;0
130380;São Gabriel da Cachoeira;43;0
130390;São Paulo de Olivença;13;0
130395;São Sebastião do Uatumã;11;0
130400;Silves;13;0
130406;Tabatinga;31;0
130410;Tapauá;19;0
130420;Tefé;40;0
130423;Tonantins;14;0
130426;Uarini;11;0
130430;Urucará;25;0
130440;Urucurituba;19;0
140005;Alto Alegre;10;0
140010;Boa Vista;649;25
140015;Bonfim;12;0
140020;Caracaraí;15;0
140023;Caroebe;10;0
140028;Iracema;1;0
140030;Mucajaí;17;0
140040;Normandia;12;0
140045;Pacaraima;6;0
140047;Rorainópolis;22;0
140050;São João da Baliza;10;0
140060;São Luís;11;0
150010;Abaetetuba;153;0
150013;Abel Figueiredo;14;0
150020;Acará;17;0
150030;Afuá;14;0
150034;Água Azul do Norte;26;0
150040;Alenquer;62;0
150050;Almeirim;53;0
150060;Altamira;181;10
150070;Anajás;12;0
150080;Ananindeua;571;55
150085;Anapu;17;0
150090;Augusto Corrêa;56;0
150095;Aurora do Pará;28;0
150110;Bagre;9;0
150120;Baião;18;0
150125;Bannach;7;0
150130;Barcarena;63;10
150140;Belém;3119;439
150145;Belterra;11;0
150157;Bom Jesus do Tocantins;18;0
150170;Bragança;197;10
150172;Brasil Novo;18;0
150175;Brejo Grande do Araguaia;16;0
150178;Breu Branco;27;0
150180;Breves;98;7
150190;Bujaru;27;0
150200;Cachoeira do Arari;10;0
150210;Cametá;94;0
150215;Canaã dos Carajás;45;0
150220;Capanema;131;10
150230;Capitão Poço;93;0
150240;Castanhal;259;20
150250;Chaves;3;0
150260;Colares;4;0
150270;Conceição do Araguaia;75;0
150275;Concórdia do Pará;15;0
150276;Cumaru do Norte;7;0
150277;Curionópolis;18;0
150280;Curralinho;12;0
150290;Curuçá;16;0
150293;Dom Eliseu;58;0
150295;Eldorado dos Carajás;24;0
150300;Faro;5;0
150304;Floresta do Araguaia;12;0
150307;Garrafão do Norte;13;0
150309;Goianésia do Pará;10;0
150310;Gurupá;14;0
150320;Igarapé-Açu;26;0
150330;Igarapé-Miri;86;0
150340;Inhangapi;9;0
150345;Ipixuna do Pará;60;0
150350;Irituia;16;0
150360;Itaituba;204;0
150370;Itupiranga;38;0
150375;Jacareacanga;12;0
150380;Jacundá;99;0
150390;Juruti;43;0
150400;Limoeiro do Ajuru;12;0
150405;Mãe do Rio;28;0
150420;Marabá;198;20
150430;Maracanã;18;0
150440;Marapanim;11;0
150442;Marituba;111;7
150445;Medicilândia;23;0
150450;Melgaço;9;0
150460;Mocajuba;13;0
150470;Moju;29;0
150480;Monte Alegre;47;0
150490;Muaná;12;0
150495;Nova Esperança do Piriá;19;0
150497;Nova Ipixuna;7;0
150503;Novo Progresso;27;0
150506;Novo Repartimento;28;0
150510;Óbidos;38;0
150520;Oeiras do Pará;9;0
150530;Oriximiná;42;0
150540;Ourém;11;0
150543;Ourilândia do Norte;38;0
150548;Pacajá;24;0
150549;Palestina do Pará;12;0
150550;Paragominas;115;20
150553;Parauapebas;187;9
150555;Pau-d'Arco;12;0
150563;Piçarra;13;0
150565;Placas;17;0
150570;Ponta de Pedras;14;0
150580;Portel;16;0
150590;Porto de Moz;26;0
150600;Prainha;11;0
150613;Redenção;175;16
150616;Rio Maria;34;0
150618;Rondon do Pará;87;0
150619;Rurópolis;17;0
150620;Salinópolis;28;0
150630;Salvaterra;11;0
150640;Santa Cruz do Arari;5;0
150650;Santa Izabel do Pará;20;0
150655;Santa Luzia do Pará;8;0
150658;Santa Maria das Barreiras;15;0
150660;Santa Maria do Pará;22;0
150670;Santana do Araguaia;35;0
150680;Santarém;312;27
150700;Santo Antônio do Tauá;59;0
150710;São Caetano de Odivelas;9;0
150715;São Domingos do Araguaia;13;0
150720;São Domingos do Capim;18;0
150730;São Félix do Xingu;85;0
150745;São Geraldo do Araguaia;25;0
150747;São João de Pirabas;14;0
150750;São João do Araguaia;11;0
150760;São Miguel do Guamá;36;0
150770;São Sebastião da Boa Vista;18;0
150775;Sapucaia;7;0
150780;Senador José Porfírio;11;0
150790;Soure;33;0
150795;Tailândia;27;0
150797;Terra Santa;9;0
150800;Tomé-Açu;96;0
150803;Tracuateua;9;0
150805;Trairão;9;0
150808;Tucumã;52;0
150810;Tucuruí;171;11
150812;Ulianópolis;59;0
150815;Uruará;38;0
150820;Vigia;22;0
150830;Viseu;34;0
150835;Vitória do Xingu;24;0
150840;Xinguara;102;0
160005;Serra do Navio;16;0
160010;Amapá;20;0
160015;Pedra Branca do Amapari;8;0
160020;Calçoene;16;0
160023;Ferreira Gomes;6;0
160027;Laranjal do Jari;33;0
160030;Macapá;444;35
160040;Mazagão;6;0
160050;Oiapoque;20;0
160053;Porto Grande;24;0
160060;Santana;49;6
160070;Tartarugalzinho;10;0
160080;Vitória do Jari;5;0
170070;Alvorada;14;0
170100;Ananás;5;0
170190;Araguacema;10;0
170200;Araguaçu;15;0
170210;Araguaína;395;35
170220;Araguatins;11;0
170230;Arapoema;13;0
170240;Arraias;19;0
170255;Augustinópolis;52;0
170370;Brejinho de Nazaré;2;0
170550;Colinas do Tocantins;30;0
170610;Cristalândia;2;0
170700;Dianópolis;23;0
170710;Divinópolis do Tocantins;11;0
170720;Dois Irmãos do Tocantins;9;0
170730;Dueré;2;0
170765;Figueirópolis;1;0
170820;Formoso do Araguaia;23;0
170900;Goiatins;6;0
170930;Guaraí;30;0
170950;Gurupi;177;22
171050;Itacajá;12;0
171190;Lagoa da Confusão;16;0
171320;Miracema do Tocantins;39;0
171330;Miranorte;15;0
171360;Monte do Carmo;3;0
171420;Natividade;3;0
171430;Nazaré;22;0
171575;Palmeirópolis;14;0
171610;Paraíso do Tocantins;78;0
171620;Paranã;17;0
171650;Pedro Afonso;22;0
171660;Peixe;32;0
171670;Colméia;12;0
171700;Pindorama do Tocantins;2;0
171750;Pium;2;0
171790;Ponte Alta do Tocantins;3;0
171820;Porto Nacional;123;0
172065;Silvanópolis;14;0
172090;Taguatinga;26;0
172100;Palmas;689;72
172120;Tocantinópolis;16;0
172210;Xambioá;14;0
210005;Açailândia;147;0
210010;Afonso Cunha;13;0
210020;Alcântara;14;0
210030;Aldeias Altas;16;0
210043;Alto Alegre do Maranhão;34;0
210047;Alto Alegre do Pindaré;25;0
210050;Alto Parnaíba;22;0
210060;Amarante do Maranhão;37;0
210070;Anajatuba;14;0
210080;Anapurus;7;0
210083;Apicum-Açu;9;0
210087;Araguanã;11;0
210090;Araioses;77;0
210095;Arame;30;0
210100;Arari;30;0
210110;Axixá;15;0
210120;Bacabal;176;10
210130;Bacuri;15;0
210140;Balsas;105;10
210150;Barão de Grajaú;14;0
210160;Barra do Corda;90;0
210170;Barreirinhas;45;0
210173;Belágua;8;0
210177;Bela Vista do Maranhão;9;0
210180;Benedito Leite;9;0
210190;Bequimão;11;0
210193;Bernardo do Mearim;9;0
210197;Boa Vista do Gurupi;10;0
210200;Bom Jardim;19;0
210203;Bom Jesus das Selvas;12;0
210210;Brejo;20;0
210220;Buriti;21;0
210230;Buriti Bravo;31;0
210232;Buriticupu;40;0
210240;Cajapió;11;0
210250;Cajari;12;0
210255;Campestre do Maranhão;15;0
210260;Cândido Mendes;6;0
210270;Cantanhede;28;0
210275;Capinzal do Norte;7;0
210280;Carolina;12;0
210290;Carutapera;27;0
210300;Caxias;224;20
210310;Cedral;11;0
210312;Central do Maranhão;12;0
210320;Chapadinha;115;10
210325;Cidelândia;10;0
210330;Codó;58;0
210340;Coelho Neto;65;0
210350;Colinas;54;0
210355;Conceição do Lago Açu;8;0
210360;Coroatá;51;10
210370;Cururupu;68;0
210375;Davinópolis;8;0
210380;Dom Pedro;20;0
210390;Duque Bacelar;10;0
210400;Esperantinópolis;24;0
210405;Estreito;33;0
210407;Feira Nova do Maranhão;8;0
210408;Fernando Falcão;10;0
210409;Formosa da Serra Negra;6;0
210410;Fortaleza dos Nogueiras;15;0
210420;Fortuna;8;0
210440;Gonçalves Dias;14;0
210450;Governador Archer;14;0
210455;Governador Edison Lobão;16;0
210460;Governador Eugênio Barros;14;0
210462;Governador Luiz Rocha;10;0
210465;Governador Newton Bello;13;0
210467;Governador Nunes Freire;100;0
210470;Graça Aranha;11;0
210480;Grajaú;110;0
210490;Guimarães;26;0
210500;Humberto de Campos;15;0
210510;Icatu;15;0
210515;Igarapé do Meio;22;0
210520;Igarapé Grande;22;0
210530;Imperatriz;577;104
210535;Itaipava do Grajaú;16;0
210540;Itapecuru-Mirim;47;0
210542;Itinga do Maranhão;36;0
210545;Jatobá;10;0
210547;Jenipapo dos Vieiras;8;0
210550;João Lisboa;41;0
210560;Joselândia;13;0
210565;Junco do Maranhão;8;0
210570;Lago da Pedra;66;0
210580;Lago do Junco;12;0
210590;Lago Verde;24;0
210592;Lagoa do Mato;12;0
210594;Lago dos Rodrigues;12;0
210596;Lagoa Grande do Maranhão;12;0
210600;Lima Campos;23;0
210610;Loreto;13;0
210620;Luís Domingues;8;0
210630;Magalhães de Almeida;15;0
210632;Maracaçumé;8;0
210637;Maranhãozinho;12;0
210640;Mata Roma;12;0
210650;Matinha;11;0
210660;Matões;35;0
210663;Matões do Norte;31;0
210667;Milagres do Maranhão;4;0
210670;Mirador;14;0
210675;Miranda do Norte;27;0
210680;Mirinzal;14;0
210690;Monção;42;0
210700;Montes Altos;17;0
210710;Morros;15;0
210720;Nina Rodrigues;5;0
210725;Nova Colinas;6;0
210730;Nova Iorque;9;0
210735;Nova Olinda do Maranhão;25;0
210740;Olho d'Água das Cunhãs;13;0
210745;Olinda Nova do Maranhão;26;0
210750;Paço do Lumiar;11;0
210760;Palmeirândia;20;0
210770;Paraibano;35;0
210780;Parnarama;31;0
210790;Passagem Franca;79;0
210800;Pastos Bons;12;0
210805;Paulino Neves;13;0
210810;Paulo Ramos;23;0
210820;Pedreiras;57;0
210825;Pedro do Rosário;18;0
210830;Penalva;34;0
210840;Peri Mirim;18;0
210845;Peritoró;52;0
210850;Pindaré-Mirim;29;0
210860;Pinheiro;170;10
210870;Pio XII;15;0
210880;Pirapemas;13;0
210890;Poção de Pedras;28;0
210900;Porto Franco;50;0
210910;Presidente Dutra;126;11
210920;Presidente Juscelino;8;0
210927;Presidente Sarney;9;0
210930;Presidente Vargas;9;0
210940;Primeira Cruz;13;0
210945;Raposa;5;0
210950;Riachão;38;0
210955;Ribamar Fiquene;15;0
210960;Rosário;65;0
210970;Sambaíba;8;0
210975;Santa Filomena do Maranhão;10;0
210980;Santa Helena;33;0
210990;Santa Inês;203;10
211000;Santa Luzia;49;0
211003;Santa Luzia do Paruá;52;0
211010;Santa Quitéria do Maranhão;29;0
211020;Santa Rita;24;0
211023;Santana do Maranhão;11;0
211027;Santo Amaro do Maranhão;8;0
211030;Santo Antônio dos Lopes;19;0
211040;São Benedito do Rio Preto;20;0
211050;São Bento;29;0
211060;São Bernardo;13;0
211065;São Domingos do Azeitão;11;0
211070;São Domingos do Maranhão;20;0
211080;São Félix de Balsas;11;0
211085;São Francisco do Brejão;12;0
211090;São Francisco do Maranhão;14;0
211100;São João Batista;25;0
211102;São João do Caru;21;0
211105;São João do Paraíso;13;0
211107;São João do Soter;9;0
211110;São João dos Patos;29;0
211120;São José de Ribamar;98;20
211125;São José dos Basílios;8;0
211130;São Luís;2063;320
211140;São Luís Gonzaga do Maranhão;13;0
211150;São Mateus do Maranhão;26;0
211153;São Pedro da Água Branca;14;0
211157;São Pedro dos Crentes;11;0
211160;São Raimundo das Mangabeiras;9;0
211163;São Raimundo do Doca Bezerra;9;0
211170;São Vicente Ferrer;34;0
211172;Satubinha;22;0
211174;Senador Alexandre Costa;25;0
211178;Serrano do Maranhão;11;0
211180;Sítio Novo;19;0
211190;Sucupira do Norte;13;0
211195;Sucupira do Riachão;10;0
211200;Tasso Fragoso;9;0
211210;Timbiras;38;0
211220;Timon;80;0
211223;Trizidela do Vale;17;0
211227;Tufilândia;13;0
211230;Tuntum;29;0
211240;Turiaçu;42;0
211250;Tutóia;21;0
211260;Urbano Santos;19;0
211270;Vargem Grande;21;0
211280;Viana;23;0
211285;Vila Nova dos Martírios;9;0
211290;Vitória do Mearim;25;0
211300;Vitorino Freire;22;0
211400;Zé Doca;30;0
220010;Agricolândia;8;0
220020;Água Branca;13;0
220025;Alagoinha do Piauí;3;0
220030;Alto Longá;10;0
220040;Altos;26;0
220050;Amarante;33;0
220060;Angical do Piauí;6;0
220070;Anísio de Abreu;4;0
220090;Aroazes;2;0
220100;Arraial;4;0
220110;Avelino Lopes;10;0
220115;Baixa Grande do Ribeiro;9;0
220120;Barras;48;0
220140;Barro Duro;13;0
220150;Batalha;12;0
220160;Beneditinos;9;0
220170;Bertolínia;4;0
220180;Bocaina;6;0
220190;Bom Jesus;27;0
220191;Bom Princípio do Piauí;2;0
220196;Brasileira;5;0
220200;Buriti dos Lopes;30;0
220202;Buriti dos Montes;4;0
220220;Campo Maior;162;0
220225;Canavieira;4;0
220230;Canto do Buriti;13;0
220240;Capitão de Campos;4;0
220250;Caracol;5;0
220260;Castelo do Piauí;23;0
220270;Cocal;17;0
220277;Colônia do Piauí;3;0
220280;Conceição do Canindé;20;0
220290;Corrente;17;0
220300;Cristalândia do Piauí;12;0
220310;Cristino Castro;16;0
220320;Curimatá;19;0
220330;Demerval Lobão;16;0
220335;Dirceu Arcoverde;3;0
220350;Elesbão Veloso;20;0
220360;Eliseu Martins;8;0
220370;Esperantina;40;0
220380;Flores do Piauí;2;0
220390;Floriano;146;10
220400;Francinópolis;6;0
220410;Francisco Ayres;4;0
220420;Francisco Santos;6;0
220430;Fronteiras;15;0
220440;Gilbués;4;0
220450;Guadalupe;14;0
220470;Inhuma;6;0
220480;Ipiranga do Piauí;6;0
220490;Isaías Coelho;12;0
220500;Itainópolis;13;0
220510;Itaueira;8;0
220520;Jaicós;23;0
220530;Jerumenha;7;0
220540;Joaquim Pires;8;0
220545;Joca Marques;3;0
220550;José de Freitas;16;0
220553;Jurema;10;0
220555;Lagoa Alegre;6;0
220560;Landri Sales;7;0
220570;Luís Correia;35;0
220580;Luzilândia;30;0
220585;Madeiro;4;0
220590;Manoel Emídio;5;0
220595;Marcolândia;24;0
220610;Matias Olímpio;7;0
220620;Miguel Alves;16;0
220640;Monsenhor Gil;8;0
220650;Monsenhor Hipólito;10;0
220660;Monte Alegre do Piauí;15;0
220670;Nazaré do Piauí;4;0
220680;Nossa Senhora dos Remédios;6;0
220690;Novo Oriente do Piauí;5;0
220700;Oeiras;82;10
220720;Padre Marcos;38;0
220730;Paes Landim;8;0
220740;Palmeira do Piauí;3;0
220750;Palmeirais;10;0
220760;Parnaguá;9;0
220770;Parnaíba;422;55
220780;Paulistana;40;0
220790;Pedro II;36;0
220800;Picos;139;5
220810;Pimenteiras;8;0
220820;Pio IX;17;0
220830;Piracuruca;32;0
220840;Piripiri;72;10
220850;Porto;8;0
220855;Porto Alegre do Piauí;3;0
220860;Prata do Piauí;10;0
220870;Redenção do Gurgueia;11;0
220880;Regeneração;19;0
220890;Ribeiro Gonçalves;10;0
220900;Rio Grande do Piauí;2;0
220910;Santa Cruz do Piauí;11;0
220920;Santa Filomena;4;0
220937;Santa Rosa do Piauí;6;0
220940;Santo Antônio de Lisboa;3;0
220950;Santo Inácio do Piauí;2;0
220960;São Félix do Piauí;10;0
220970;São Francisco do Piauí;7;0
220980;São Gonçalo do Piauí;6;0
220990;São João da Serra;6;0
221000;São João do Piauí;46;0
221010;São José do Peixe;4;0
221020;São José do Piauí;5;0
221030;São Julião;11;0
221040;São Miguel do Tapuio;21;0
221050;São Pedro do Piauí;24;0
221060;São Raimundo Nonato;159;0
221065;Sigefredo Pacheco;8;0
221070;Simões;22;0
221080;Simplício Mendes;17;0
221090;Socorro do Piauí;6;0
221100;Teresina;2165;164
221110;União;34;0
221120;Uruçuí;26;0
221130;Valença do Piauí;27;0
221140;Várzea Grande;7;0
221170;Wall Ferraz;12;0
230010;Abaiara;1;0
230020;Acaraú;36;0
230030;Acopiara;66;0
230040;Aiuaba;19;0
230060;Altaneira;12;0
230070;Alto Santo;19;0
230075;Amontada;20;0
230080;Antonina do Norte;10;0
230090;Apuiarés;5;0
230100;Aquiraz;24;0
230110;Aracati;56;0
230120;Aracoiaba;37;0
230125;Ararendá;8;0
230130;Araripe;20;0
230140;Aratuba;6;0
230150;Arneiroz;8;0
230160;Assaré;31;0
230170;Aurora;44;0
230180;Baixio;11;0
230185;Banabuiú;11;0
230190;Barbalha;287;28
230195;Barreira;15;0
230200;Barro;16;0
230205;Barroquinha;5;0
230210;Baturité;28;0
230220;Beberibe;13;0
230230;Bela Cruz;12;0
230240;Boa Viagem;29;0
230250;Brejo Santo;124;10
230260;Camocim;38;0
230270;Campos Sales;55;0
230280;Canindé;72;0
230290;Capistrano;8;0
230300;Caridade;10;0
230310;Cariré;10;0
230320;Caririaçu;16;0
230330;Cariús;16;0
230340;Carnaubal;7;0
230350;Cascavel;40;0
230360;Catarina;9;0
230365;Catunda;14;0
230370;Caucaia;92;0
230380;Cedro;40;0
230390;Chaval;18;0
230393;Choró;10;0
230395;Chorozinho;6;0
230400;Coreaú;6;0
230410;Crateús;91;2
230420;Crato;321;35
230423;Croatá;25;0
230425;Cruz;35;0
230426;Deputado Irapuan Pinheiro;8;0
230427;Ereré;6;0
230428;Eusébio;30;0
230430;Farias Brito;24;0
230435;Forquilha;5;0
230440;Fortaleza;5676;579
230445;Fortim;9;0
230450;Frecheirinha;12;0
230460;General Sampaio;6;0
230470;Granja;32;0
230480;Granjeiro;16;0
230490;Groaíras;10;0
230495;Guaiúba;6;0
230500;Guaraciaba do Norte;30;0
230510;Guaramiranga;6;0
230520;Hidrolândia;11;0
230523;Horizonte;28;0
230526;Ibaretama;11;0
230530;Ibiapina;17;0
230533;Ibicuitinga;6;0
230535;Icapuí;10;0
230540;Icó;29;0
230550;Iguatu;136;6
230560;Independência;10;0
230565;Ipaporanga;8;0
230570;Ipaumirim;17;0
230580;Ipu;69;0
230590;Ipueiras;24;0
230600;Iracema;20;0
230610;Irauçuba;11;0
230620;Itaiçaba;11;0
230625;Itaitinga;10;0
230630;Itapajé;18;0
230640;Itapipoca;84;0
230650;Itapiúna;12;0
230655;Itarema;13;0
230670;Jaguaretama;9;0
230680;Jaguaribara;29;0
230690;Jaguaribe;14;0
230700;Jaguaruana;12;0
230710;Jardim;38;0
230720;Jati;20;0
230725;Jijoca de Jericoacoara;6;0
230730;Juazeiro do Norte;336;60
230740;Jucás;11;0
230750;Lavras da Mangabeira;27;0
230760;Limoeiro do Norte;153;0
230763;Madalena;16;0
230765;Maracanaú;209;10
230770;Maranguape;63;0
230780;Marco;19;0
230790;Martinópole;4;0
230800;Massapê;18;0
230810;Mauriti;42;0
230820;Meruoca;10;0
230830;Milagres;44;0
230835;Milhã;17;0
230840;Missão Velha;42;0
230850;Mombaça;27;0
230860;Monsenhor Tabosa;31;0
230870;Morada Nova;83;0
230880;Moraújo;6;0
230890;Morrinhos;10;0
230900;Mucambo;28;0
230910;Mulungu;4;0
230920;Nova Olinda;12;0
230930;Nova Russas;25;0
230940;Novo Oriente;10;0
230945;Ocara;13;0
230950;Orós;23;0
230960;Pacajus;33;0
230970;Pacatuba;16;0
230980;Pacoti;11;0
231000;Palhano;3;0
231010;Palmácia;8;0
231020;Paracuru;23;0
231025;Paraipaba;15;0
231030;Parambu;21;0
231040;Paramoti;17;0
231050;Pedra Branca;20;0
231060;Penaforte;7;0
231070;Pentecoste;30;0
231080;Pereiro;16;0
231085;Pindoretama;6;0
231090;Piquet Carneiro;12;0
231100;Poranga;8;0
231110;Porteiras;14;0
231120;Potengi;8;0
231123;Potiretama;6;0
231126;Quiterianópolis;12;0
231130;Quixadá;47;0
231135;Quixelô;13;0
231140;Quixeramobim;182;20
231150;Quixeré;16;0
231160;Redenção;27;0
231170;Reriutaba;16;0
231180;Russas;168;0
231190;Saboeiro;28;0
231195;Salitre;8;0
231200;Santana do Acaraú;22;0
231210;Santana do Cariri;8;0
231220;Santa Quitéria;31;0
231230;São Benedito;62;0
231240;São Gonçalo do Amarante;27;0
231260;São Luís do Curu;10;0
231270;Senador Pompeu;32;0
231280;Senador Sá;3;0
231290;Sobral;514;89
231300;Solonópole;13;0
231310;Tabuleiro do Norte;35;0
231320;Tamboril;24;0
231325;Tarrafas;10;0
231330;Tauá;61;0
231335;Tejuçuoca;8;0
231340;Tianguá;74;0
231350;Trairi;6;0
231355;Tururu;5;0
231360;Ubajara;10;0
231370;Umari;13;0
231375;Umirim;7;0
231380;Uruburetama;14;0
231390;Uruoca;6;0
231395;Varjota;10;0
231400;Várzea Alegre;36;0
231410;Viçosa do Ceará;28;0
240010;Acari;20;0
240020;Assu;34;0
240030;Afonso Bezerra;15;0
240050;Alexandria;83;0
240060;Almino Afonso;31;0
240070;Alto do Rodrigues;11;0
240080;Angicos;18;0
240090;Antônio Martins;21;0
240100;Apodi;50;0
240110;Areia Branca;18;0
240120;Arez;13;0
240140;Baía Formosa;3;0
240145;Baraúna;17;0
240150;Barcelona;6;0
240160;Bento Fernandes;5;0
240170;Bom Jesus;10;0
240180;Brejinho;8;0
240190;Caiçara do Rio do Vento;6;0
240200;Caicó;138;10
240210;Campo Redondo;8;0
240220;Canguaretama;27;0
240230;Caraúbas;15;0
240240;Carnaúba dos Dantas;19;0
240250;Carnaubais;11;0
240260;Ceará-Mirim;29;0
240270;Cerro Corá;13;0
240280;Coronel Ezequiel;7;0
240290;Coronel João Pessoa;3;0
240300;Cruzeta;8;0
240310;Currais Novos;60;10
240320;Doutor Severiano;12;0
240325;Parnamirim;108;10
240330;Encanto;11;0
240340;Equador;11;0
240360;Extremoz;16;0
240370;Felipe Guerra;10;0
240400;Frutuoso Gomes;19;0
240420;Goianinha;10;0
240430;Governador Dix-Sept Rosado;8;0
240440;Grossos;9;0
240450;Guamaré;17;0
240460;Ielmo Marinho;1;0
240470;Ipanguaçu;6;0
240490;Itaú;9;0
240500;Jaçanã;12;0
240510;Jandaíra;3;0
240520;Janduís;11;0
240530;Boa Saúde;11;0
240540;Japi;1;0
240550;Jardim de Angicos;3;0
240560;Jardim de Piranhas;16;0
240570;Jardim do Seridó;23;0
240580;João Câmara;18;0
240590;João Dias;2;0
240600;José da Penha;18;0
240610;Jucurutu;34;0
240620;Lagoa d'Anta;2;0
240640;Lagoa de Velhos;4;0
240650;Lagoa Nova;16;0
240670;Lajes;21;0
240680;Lajes Pintadas;8;0
240690;Lucrécia;8;0
240700;Luís Gomes;16;0
240710;Macaíba;25;0
240720;Macau;25;0
240725;Major Sales;7;0
240740;Martins;20;0
240760;Messias Targino;7;0
240770;Montanhas;14;0
240780;Monte Alegre;11;0
240790;Monte das Gameleiras;6;0
240800;Mossoró;519;104
240810;Natal;2094;283
240820;Nísia Floresta;0;0
240830;Nova Cruz;15;0
240840;Olho-d'Água do Borges;7;0
240860;Paraná;4;0
240880;Parazinho;3;0
240890;Parelhas;38;0
240895;Rio do Fogo;4;0
240910;Passa-e-Fica;16;0
240930;Patu;18;0
240940;Pau dos Ferros;92;10
240960;Pedra Preta;4;0
240980;Pedro Velho;6;0
240990;Pendências;8;0
241000;Pilões;4;0
241010;Poço Branco;19;0
241020;Portalegre;22;0
241030;Serra Caiada;12;0
241050;Rafael Fernandes;8;0
241060;Rafael Godeiro;9;0
241070;Riacho da Cruz;10;0
241090;Riachuelo;8;0
241100;Rodolfo Fernandes;8;0
241105;Tibau;10;0
241110;Ruy Barbosa;6;0
241120;Santa Cruz;93;0
241140;Santana do Matos;15;0
241142;Santana do Seridó;8;0
241150;Santo Antônio;22;0
241170;São Bento do Trairi;8;0
241200;São Gonçalo do Amarante;30;0
241210;São João do Sabugi;6;0
241220;São José de Mipibu;0;0
241230;São José do Campestre;13;0
241240;São José do Seridó;9;0
241250;São Miguel;30;0
241255;São Miguel do Gostoso;4;0
241260;São Paulo do Potengi;17;0
241270;São Pedro;2;0
241280;São Rafael;11;0
241290;São Tomé;10;0
241300;São Vicente;11;0
241310;Senador Elói de Souza;6;0
241330;Serra de São Bento;10;0
241335;Serra do Mel;11;0
241340;Serra Negra do Norte;16;0
241355;Serrinha dos Pintos;6;0
241360;Severiano Melo;11;0
241370;Sítio Novo;4;0
241380;Taboleiro Grande;8;0
241390;Taipu;3;0
241400;Tangará;8;0
241410;Tenente Ananias;17;0
241415;Tenente Laurentino Cruz;3;0
241420;Tibau do Sul;9;0
241440;Touros;18;0
241445;Triunfo Potiguar;8;0
241460;Upanema;7;0
241475;Venha-Ver;6;0
241480;Vera Cruz;6;0
241490;Viçosa;9;0
241500;Vila Flor;10;0
250010;Água Branca;10;0
250020;Aguiar;9;0
250030;Alagoa Grande;20;0
250040;Alagoa Nova;19;0
250060;Alhandra;8;0
250070;São João do Rio do Peixe;17;0
250090;Arara;12;0
250110;Areia;25;0
250130;Aroeiras;22;0
250150;Bananeiras;18;0
250180;Bayeux;25;0
250190;Belém;16;0
250200;Belém do Brejo do Cruz;16;0
250210;Boa Ventura;3;0
250230;Bom Sucesso;10;0
250240;Bonito de Santa Fé;12;0
250250;Boqueirão;14;0
250260;Igaracy;13;0
250280;Brejo do Cruz;10;0
250290;Brejo dos Santos;13;0
250300;Caaporã;19;0
250320;Cabedelo;17;0
250340;Cacimba de Areia;3;0
250350;Cacimba de Dentro;11;0
250370;Cajazeiras;115;7
250400;Campina Grande;994;114
250430;Catolé do Rocha;26;0
250440;Conceição;28;0
250460;Conde;1;0
250480;Coremas;25;0
250500;Cubati;9;0
250510;Cuité;38;0
250570;Dona Inês;9;0
250600;Esperança;18;0
250620;Frei Martinho;15;0
250630;Guarabira;106;6
250650;Gurjão;4;0
250660;Ibiara;12;0
250680;Ingá;32;0
250690;Itabaiana;59;0
250700;Itaporanga;24;0
250710;Itapororoca;7;0
250730;Jacaraú;8;0
250740;Jericó;5;0
250750;João Pessoa;1856;226
250770;Juazeirinho;11;0
250790;Juripiranga;12;0
250800;Juru;8;0
250820;Lagoa de Dentro;10;0
250830;Lagoa Seca;14;0
250840;Lastro;8;0
250860;Lucena;1;0
250890;Mamanguape;49;10
250910;Mari;6;0
250920;Massaranduba;34;1
250970;Monteiro;37;0
250990;Natuba;10;0
251010;Nova Floresta;19;0
251020;Nova Olinda;11;0
251040;Olho d'Água;1;0
251080;Patos?;254;15
251090;Paulista;17;0
251110;Pedra Lavrada;14;0
251120;Pedras de Fogo;31;0
251130;Piancó;48;20
251140;Picuí;65;0
251150;Pilar;8;0
251200;Pocinhos;34;0
251210;Pombal;38;6
251230;Princesa Isabel;24;0
251250;Queimadas;21;0
251280;Riacho dos Cavalos;5;0
251320;Santa Cruz;8;0
251335;Santa Inês;10;0
251340;Santa Luzia;26;0
251370;Santa Rita;162;40
251385;Santo André;6;0
251390;São Bento;21;0
251392;São Bentinho;2;0
251420;São José da Lagoa Tapada;3;0
251430;São José de Caiana;9;0
251450;São José de Piranhas;14;0
251470;São José do Sabugi;0;0
251490;São Mamede;16;0
251530;Sapé;61;0
251540;São Vicente do Seridó;20;0
251550;Serra Branca;31;0
251570;Serra Grande;12;0
251590;Serraria;7;0
251600;Solânea;20;0
251610;Soledade;15;0
251620;Sousa;108;16
251630;Sumé;25;0
251650;Taperoá;41;0
251660;Tavares;13;0
251670;Teixeira;26;0
251690;Uiraúna;32;0
260005;Abreu e Lima;158;32
260010;Afogados da Ingazeira;89;0
260020;Afrânio;22;0
260030;Agrestina;79;0
260040;Água Preta;30;0
260050;Águas Belas;15;0
260060;Alagoinha;7;0
260070;Aliança;14;0
260080;Altinho;9;0
260090;Amaraji;18;0
260100;Angelim;10;0
260105;Araçoiaba;2;0
260110;Araripina;119;0
260120;Arcoverde;86;13
260130;Barra de Guabiraba;4;0
260140;Barreiros;83;4
260150;Belém de Maria;6;0
260160;Belém do São Francisco;33;0
260170;Belo Jardim;50;0
260180;Betânia;5;0
260190;Bezerros;139;10
260200;Bodocó;6;0
260210;Bom Conselho;30;0
260220;Bom Jardim;19;0
260230;Bonito;28;0
260240;Brejão;9;0
260250;Brejinho;2;0
260260;Brejo da Madre de Deus;20;0
260270;Buenos Aires;11;0
260280;Buíque;43;0
260290;Cabo de Santo Agostinho;328;40
260300;Cabrobó;39;0
260310;Cachoeirinha;10;0
260320;Caetés;21;0
260330;Calçado;5;0
260340;Calumbi;8;0
260345;Camaragibe;1;0
260350;Camocim de São Félix;8;0
260360;Camutanga;3;0
260370;Canhotinho;20;0
260380;Capoeiras;16;0
260390;Carnaíba;10;0
260392;Carnaubeira da Penha;5;0
260400;Carpina;80;0
260410;Caruaru;710;78
260415;Casinhas;9;0
260420;Catende;16;0
260430;Cedro;8;0
260440;Chã de Alegria;9;0
260450;Chã Grande;20;0
260460;Condado;12;0
260470;Correntes;15;0
260480;Cortês;27;0
260490;Cumaru;15;0
260500;Cupira;10;0
260510;Custódia;51;0
260515;Dormentes;20;0
260520;Escada;45;0
260530;Exu;19;0
260540;Feira Nova;8;0
260545;Fernando de Noronha;7;0
260550;Ferreiros;9;0
260560;Flores;12;0
260570;Floresta;30;0
260580;Frei Miguelinho;5;0
260590;Gameleira;10;0
260600;Garanhuns;207;26
260610;Glória do Goitá;15;0
260620;Goiana;65;0
260630;Granito;11;0
260640;Gravatá;43;0
260650;Iati;14;0
260660;Ibimirim;13;0
260670;Ibirajuba;8;0
260680;Igarassu;18;0
260690;Iguaracy;9;0
260700;Inajá;5;0
260710;Ingazeira;2;0
260720;Ipojuca;12;0
260730;Ipubi;31;0
260740;Itacuruba;8;0
260750;Itaíba;36;0
260760;Ilha de Itamaracá;7;0
260765;Itambé;25;0
260770;Itapetim;16;0
260775;Itapissuma;1;0
260780;Itaquitinga;6;0
260790;Jaboatão dos Guararapes;543;55
260795;Jaqueira;20;0
260800;Jataúba;6;0
260805;Jatobá;13;0
260810;João Alfredo;11;0
260820;Joaquim Nabuco;8;0
260825;Jucati;4;0
260830;Jupi;10;0
260840;Jurema;10;0
260845;Lagoa do Carro;8;0
260850;Lagoa de Itaenga;12;0
260860;Lagoa do Ouro;24;0
260870;Lagoa dos Gatos;10;0
260875;Lagoa Grande;13;0
260880;Lajedo;23;0
260890;Limoeiro;83;20
260900;Macaparana;37;0
260910;Machados;6;0
260915;Manari;5;0
260920;Maraial;4;0
260930;Mirandiba;17;0
260940;Moreno;67;0
260950;Nazaré da Mata;12;0
260960;Olinda;288;41
260970;Orobó;11;0
260980;Orocó;5;0
260990;Ouricuri;63;10
261000;Palmares;198;30
261010;Palmeirina;6;0
261020;Panelas;16;0
261030;Paranatama;13;0
261040;Parnamirim;19;0
261050;Passira;13;0
261060;Paudalho;67;0
261070;Paulista;428;85
261080;Pedra;12;0
261090;Pesqueira;92;0
261100;Petrolândia;65;0
261110;Petrolina;416;61
261120;Poção;4;0
261130;Pombos;13;0
261140;Primavera;0;0
261150;Quipapá;30;0
261160;Recife;6452;995
261170;Riacho das Almas;23;0
261180;Ribeirão;4;0
261190;Rio Formoso;12;0
261200;Sairé;12;0
261210;Salgadinho;4;0
261220;Salgueiro;124;11
261230;Saloá;14;0
261240;Sanharó;5;0
261245;Santa Cruz;19;0
261247;Santa Cruz da Baixa Verde;9;0
261250;Santa Cruz do Capibaribe;44;0
261255;Santa Filomena;11;0
261260;Santa Maria da Boa Vista;25;0
261280;Santa Terezinha;6;0
261290;São Benedito do Sul;11;0
261300;São Bento do Una;25;0
261310;São Caetano;30;0
261320;São João;29;0
261330;São Joaquim do Monte;23;0
261340;São José da Coroa Grande;10;0
261350;São José do Belmonte;21;0
261360;São José do Egito;47;0
261370;São Lourenço da Mata;71;10
261380;São Vicente Férrer;22;0
261390;Serra Talhada;194;16
261400;Serrita;20;0
261410;Sertânia;59;0
261420;Sirinhaém;18;0
261430;Moreilândia;16;0
261440;Solidão;8;0
261450;Surubim;162;0
261460;Tabira;20;0
261480;Tacaratu;9;0
261485;Tamandaré;7;0
261500;Taquaritinga do Norte;33;0
261510;Terezinha;7;0
261520;Terra Nova;5;0
261530;Timbaúba;103;0
261540;Toritama;17;0
261550;Tracunhaém;4;0
261560;Trindade;49;0
261570;Triunfo;8;0
261580;Tupanatinga;12;0
261590;Tuparetama;28;0
261600;Venturosa;14;0
261610;Verdejante;3;0
261620;Vertentes;37;0
261630;Vicência;50;0
261640;Vitória de Santo Antão;209;0
261650;Xexéu;7;0
270010;Água Branca;13;0
270020;Anadia;10;0
270030;Arapiraca;589;90
270040;Atalaia;25;0
270070;Batalha;22;0
270100;Boca da Mata;7;0
270120;Cacimbinhas;0;0
270130;Cajueiro;13;0
270140;Campo Alegre;20;0
270170;Capela;23;0
270210;Colônia Leopoldina;18;0
270230;Coruripe;180;10
270235;Craíbas;5;0
270240;Delmiro Gouveia;22;0
270280;Flexeiras;8;0
270290;Girau do Ponciano;20;0
270300;Ibateguara;0;0
270310;Igaci;14;0
270375;Jequiá da Praia;0;0
270380;Joaquim Gomes;27;0
270400;Junqueiro;16;0
270410;Lagoa da Canoa;0;0
270420;Limoeiro de Anadia;9;0
270430;Maceió;1500;165
270440;Major Izidoro;23;0
270450;Maragogi;0;0
270470;Marechal Deodoro;6;0
270500;Mata Grande;16;0
270510;Matriz de Camaragibe;13;0
270550;Murici;32;0
270570;Olho d'Água das Flores;22;0
270630;Palmeira dos Índios;77;8
270640;Pão de Açúcar;28;0
270660;Paulo Jacinto;9;0
270670;Penedo;64;0
270680;Piaçabuçu;11;0
270690;Pilar;40;0
270710;Piranhas;21;0
270730;Porto Calvo;23;0
270760;Quebrangulo;16;0
270770;Rio Largo;19;0
270800;Santana do Ipanema;63;10
270820;São Brás;10;0
270830;São José da Laje;33;0
270840;São José da Tapera;10;0
270850;São Luís do Quitunde;15;0
270860;São Miguel dos Campos;75;7
270880;São Sebastião;0;0
270910;Taquarana;1;0
270915;Teotônio Vilela;21;0
270920;Traipu;0;0
270930;União dos Palmares;35;0
270940;Viçosa;25;0
280020;Aquidabã;22;0
280030;Aracaju;1397;220
280040;Arauá;1;0
280120;Canindé de São Francisco;19;0
280130;Capela;28;0
280140;Carira;1;0
280150;Carmópolis;1;0
280210;Estância;110;0
280230;Frei Paulo;1;0
280290;Itabaiana;90;0
280300;Itabaianinha;17;0
280340;Japoatã;13;0
280350;Lagarto;97;10
280360;Laranjeiras;1;0
280420;Monte Alegre de Sergipe;0;0
280440;Neópolis;17;0
280450;Nossa Senhora da Glória;15;0
280480;Nossa Senhora do Socorro;30;0
280540;Poço Redondo;13;0
280550;Poço Verde;12;0
280560;Porto da Folha;10;0
280570;Propriá;28;0
280580;Riachão do Dantas;0;0
280590;Riachuelo;50;0
280610;Rosário do Catete;11;0
280670;São Cristóvão;32;0
280740;Tobias Barreto;1;0
280760;Umbaúba;4;0
290010;Abaíra;5;0
290020;Abaré;10;0
290030;Acajutiba;8;0
290035;Adustina;15;0
290040;Água Fria;7;0
290050;Érico Cardoso;10;0
290060;Aiquara;8;0
290070;Alagoinhas;178;13
290080;Alcobaça;33;0
290100;Amargosa;33;0
290110;Amélia Rodrigues;6;0
290115;América Dourada;16;0
290120;Anagé;18;0
290130;Andaraí;20;0
290135;Andorinha;1;0
290140;Angical;6;0
290150;Anguera;4;0
290160;Antas;92;0
290190;Aporá;1;0
290200;Aracatu;28;0
290205;Araçás;15;0
290210;Araci;28;0
290240;Aurelino Leal;29;0
290250;Baianópolis;16;0
290260;Baixa Grande;21;0
290270;Barra;39;0
290280;Barra da Estiva;47;0
290290;Barra do Choça;21;0
290300;Barra do Mendes;19;0
290320;Barreiras;215;10
290323;Barro Alto;13;0
290327;Barrocas;21;0
290330;Barro Preto;17;0
290340;Belmonte;24;0
290350;Belo Campo;28;0
290360;Biritinga;8;0
290380;Boa Vista do Tupim;6;0
290390;Bom Jesus da Lapa;35;0
290395;Bom Jesus da Serra;19;0
290400;Boninal;12;0
290405;Bonito;6;0
290410;Boquira;16;0
290420;Botuporã;8;0
290430;Brejões;11;0
290440;Brejolândia;20;0
290450;Brotas de Macaúbas;9;0
290460;Brumado;83;10
290475;Buritirama;10;0
290480;Caatiba;10;0
290485;Cabaceiras do Paraguaçu;4;0
290490;Cachoeira;59;0
290500;Caculé;37;0
290510;Caém;23;0
290520;Caetité;100;0
290530;Cafarnaum;18;0
290550;Caldeirão Grande;26;0
290560;Camacan;49;0
290570;Camaçari;244;8
290580;Camamu;8;0
290590;Campo Alegre de Lourdes;42;0
290600;Campo Formoso;39;0
290610;Canápolis;14;0
290620;Canarana;16;0
290630;Canavieiras;39;0
290640;Candeal;6;0
290650;Candeias;89;20
290660;Candiba;19;0
290670;Cândido Sales;20;0
290680;Cansanção;24;0
290682;Canudos;18;0
290685;Capela do Alto Alegre;6;0
290687;Capim Grosso;45;0
290689;Caraíbas;3;0
290690;Caravelas;34;0
290710;Carinhanha;21;0
290720;Casa Nova;25;0
290730;Castro Alves;36;0
290750;Catu;74;10
290755;Caturama;4;0
290760;Central;26;0
290770;Chorrochó;9;0
290780;Cícero Dantas;39;0
290790;Cipó;17;0
290800;Coaraci;28;0
290810;Cocos;16;0
290830;Conceição do Almeida;19;0
290840;Conceição do Coité;104;0
290850;Conceição do Jacuípe;67;0
290860;Conde;7;0
290870;Condeúba;12;0
290890;Coração de Maria;17;0
290900;Cordeiros;3;0
290910;Coribe;23;0
290930;Correntina;13;0
290940;Cotegipe;18;0
290950;Cravolândia;16;0
290960;Crisópolis;14;0
290970;Cristópolis;43;0
290980;Cruz das Almas;51;0
290990;Curaçá;12;0
291005;Dias d'Ávila;88;0
291010;Dom Basílio;9;0
291030;Elísio Medrado;6;0
291040;Encruzilhada;24;0
291050;Entre Rios;47;0
291060;Esplanada;29;0
291070;Euclides da Cunha;38;0
291072;Eunápolis;167;19
291077;Feira da Mata;4;0
291080;Feira de Santana;759;64
291085;Filadélfia;19;0
291110;Formosa do Rio Preto;18;0
291120;Gandu;29;0
291130;Gentio do Ouro;7;0
291150;Gongogi;3;0
291160;Governador Mangabeira;0;0
291170;Guanambi;141;10
291180;Guaratinga;17;0
291190;Iaçu;30;0
291200;Ibiassucê;18;0
291210;Ibicaraí;10;0
291230;Ibicuí;15;0
291240;Ibipeba;23;0
291250;Ibipitanga;9;0
291260;Ibiquera;2;0
291270;Ibirapitanga;11;0
291280;Ibirapuã;13;0
291290;Ibirataia;61;0
291300;Ibitiara;42;0
291310;Ibititá;16;0
291320;Ibotirama;34;0
291330;Ichu;11;0
291340;Igaporã;15;0
291345;Igrapiúna;4;0
291350;Iguaí;57;0
291360;Ilhéus;492;60
291370;Inhambupe;22;0
291380;Ipecaetá;6;0
291390;Ipiaú;79;0
291400;Ipirá;32;0
291410;Ipupiara;15;0
291420;Irajuba;17;0
291430;Iramaia;8;0
291440;Iraquara;36;0
291450;Irará;0;0
291460;Irecê;126;16
291465;Itabela;26;0
291470;Itaberaba;83;0
291480;Itabuna;379;42
291490;Itacaré;35;0
291500;Itaetê;8;0
291510;Itagi;4;0
291530;Itagimirim;11;0
291535;Itaguaçu da Bahia;12;0
291540;Itaju do Colônia;6;0
291550;Itajuípe;48;0
291560;Itamaraju;59;0
291580;Itambé;30;0
291600;Itanhém;33;0
291610;Itaparica;24;0
291630;Itapebi;6;0
291640;Itapetinga;67;9
291650;Itapicuru;27;0
291660;Itapitanga;10;0
291670;Itaquara;9;0
291680;Itarantim;12;0
291685;Itatim;18;0
291690;Itiruçu;55;0
291700;Itiúba;22;0
291710;Itororó;28;0
291720;Ituaçu;16;0
291730;Ituberá;17;0
291733;Iuiú;9;0
291735;Jaborandi;16;0
291740;Jacaraci;16;0
291750;Jacobina;203;0
291760;Jaguaquara;80;0
291770;Jaguarari;15;0
291800;Jequié;437;36
291810;Jeremoabo;18;0
291820;Jiquiriçá;14;0
291830;Jitaúna;9;0
291835;João Dourado;12;0
291840;Juazeiro;368;37
291845;Jucuruçu;10;0
291850;Jussara;16;0
291855;Jussari;17;0
291860;Jussiape;8;0
291875;Lagoa Real;9;0
291880;Laje;32;0
291905;Lagedo do Tabocal;15;0
291915;Lapão;27;0
291920;Lauro de Freitas;322;43
291930;Lençóis;6;0
291940;Licínio de Almeida;13;0
291950;Livramento de Nossa Senhora;57;0
291955;Luís Eduardo Magalhães;54;0
291960;Macajuba;11;0
291970;Macarani;18;0
291980;Macaúbas;46;0
291990;Macururé;8;0
291992;Madre de Deus;13;0
292000;Maiquinique;9;0
292010;Mairi;18;0
292020;Malhada;12;0
292050;Maracás;34;0
292080;Marcionílio Souza;13;0
292100;Mata de São João;42;0
292105;Matina;11;0
292110;Medeiros Neto;18;0
292120;Miguel Calmon;59;0
292130;Milagres;14;0
292140;Mirangaba;10;0
292150;Monte Santo;30;0
292160;Morpará;0;0
292170;Morro do Chapéu;39;0
292180;Mortugaba;16;0
292190;Mucugê;22;0
292200;Mucuri;74;0
292205;Mulungu do Morro;17;0
292210;Mundo Novo;18;0
292230;Muritiba;31;0
292240;Mutuípe;32;0
292250;Nazaré;26;0
292265;Nordestina;14;0
292270;Nova Canaã;18;0
292273;Nova Fátima;7;0
292290;Nova Soure;23;0
292300;Nova Viçosa;36;0
292310;Olindina;13;0
292320;Oliveira dos Brejinhos;7;0
292330;Ouriçangas;7;0
292335;Ourolândia;10;0
292340;Palmas de Monte Alto;30;0
292360;Paramirim;58;0
292370;Paratinga;21;0
292380;Paripiranga;12;0
292390;Pau Brasil;4;0
292400;Paulo Afonso;106;0
292405;Pé de Serra;3;0
292420;Pedro Alexandre;0;0
292430;Piatã;17;0
292440;Pilão Arcado;17;0
292450;Pindaí;15;0
292460;Pindobaçu;27;0
292465;Pintadas;8;0
292470;Piripá;8;0
292480;Piritiba;22;0
292490;Planaltino;14;0
292500;Planalto;31;0
292510;Poções;39;0
292520;Pojuca;107;0
292525;Ponto Novo;11;0
292530;Porto Seguro;132;10
292540;Potiraguá;10;0
292550;Prado;28;0
292560;Presidente Dutra;10;0
292575;Presidente Tancredo Neves;10;0
292580;Queimadas;26;0
292590;Quijingue;8;0
292595;Rafael Jambeiro;12;0
292600;Remanso;43;0
292610;Retirolândia;15;0
292620;Riachão das Neves;19;0
292630;Riachão do Jacuípe;80;0
292640;Riacho de Santana;36;0
292650;Ribeira do Amparo;2;0
292660;Ribeira do Pombal;62;7
292670;Rio de Contas;10;0
292690;Rio do Pires;21;0
292700;Rio Real;34;0
292720;Ruy Barbosa;70;0
292730;Salinas da Margarida;6;0
292740;Salvador;6101;913
292750;Santa Bárbara;5;0
292770;Santa Cruz Cabrália;10;0
292790;Santa Inês;18;0
292800;Santaluz;44;0
292810;Santa Maria da Vitória;39;0
292820;Santana;17;0
292830;Santanópolis;4;0
292840;Santa Rita de Cássia;15;0
292850;Santa Teresinha;11;0
292860;Santo Amaro;41;0
292870;Santo Antônio de Jesus;213;42
292880;Santo Estêvão;38;0
292890;São Desidério;15;0
292895;São Domingos;12;0
292900;São Félix;71;9
292905;São Félix do Coribe;29;0
292910;São Felipe;10;0
292920;São Francisco do Conde;25;0
292925;São Gabriel;21;0
292930;São Gonçalo dos Campos;28;0
292940;São Miguel das Matas;18;0
292950;São Sebastião do Passé;34;0
292960;Sapeaçu;66;0
292970;Sátiro Dias;16;0
292975;Saubara;10;0
292980;Saúde;28;0
292990;Seabra;76;10
293000;Sebastião Laranjeiras;12;0
293010;Senhor do Bonfim;78;0
293015;Serra do Ramalho;17;0
293020;Sento Sé;22;0
293030;Serra Dourada;24;0
293040;Serra Preta;14;0
293050;Serrinha;120;0
293060;Serrolândia;16;0
293070;Simões Filho;39;0
293075;Sítio do Mato;12;0
293077;Sobradinho;17;0
293080;Souto Soares;6;0
293090;Tabocas do Brejo Velho;21;0
293105;Tanque Novo;16;0
293110;Tanquinho;11;0
293120;Taperoá;13;0
293130;Tapiramutá;18;0
293135;Teixeira de Freitas;198;44
293150;Teofilândia;10;0
293160;Teolândia;15;0
293180;Tremedal;12;0
293190;Tucano;28;0
293200;Uauá;12;0
293210;Ubaíra;47;0
293220;Ubaitaba;56;0
293230;Ubatã;27;0
293240;Uibaí;16;0
293245;Umburanas;3;0
293250;Una;26;0
293260;Urandi;28;0
293280;Utinga;10;0
293290;Valença;90;0
293300;Valente;40;0
293305;Várzea da Roça;14;0
293310;Várzea do Poço;16;0
293315;Várzea Nova;10;0
293320;Vera Cruz;12;0
293325;Vereda;6;0
293330;Vitória da Conquista;617;94
293340;Wagner;19;0
293345;Wanderley;21;0
293350;Wenceslau Guimarães;26;0
293360;Xique-Xique;56;0
310010;Abadia dos Dourados;9;0
310020;Abaeté;27;0
310030;Abre Campo;45;0
310060;Água Boa;10;0
310090;Águas Formosas;39;0
310100;Águas Vermelhas;29;0
310110;Aimorés;35;0
310120;Aiuruoca;22;0
310130;Alagoa;13;0
310150;Além Paraíba;64;5
310160;Alfenas;199;20
310170;Almenara;82;0
310190;Alpinópolis;25;0
310200;Alterosa;20;0
310210;Alto Rio Doce;12;0
310230;Alvinópolis;21;0
310260;Andradas;46;0
310270;Cachoeira de Pajeú;17;0
310280;Andrelândia;25;0
310290;Antônio Carlos;12;0
310340;Araçuaí;42;0
310350;Araguari;110;18
310375;Araporã;6;0
310400;Araxá;275;29
310410;Arceburgo;6;0
310420;Arcos;46;0
310430;Areado;11;0
310450;Arinos;6;0
310470;Ataléia;17;0
310490;Baependi;46;10
310510;Bambuí;228;0
310540;Barão de Cocais;20;0
310560;Barbacena;344;39
310590;Barroso;33;0
310620;Belo Horizonte;6828;1126
310640;Belo Vale;19;0
310650;Berilo;22;0
310670;Betim;344;39
310690;Bicas;31;0
310710;Boa Esperança;34;0
310730;Bocaiuva;38;0
310740;Bom Despacho;79;0
310750;Bom Jardim de Minas;22;0
310780;Bom Jesus do Galho;36;0
310800;Bom Sucesso;38;0
310820;Bonfinópolis de Minas;7;0
310830;Borda da Mata;8;0
310840;Botelhos;17;0
310860;Brasília de Minas;73;10
310890;Brazópolis;14;0
310900;Brumadinho;15;0
310910;Bueno Brandão;15;0
310930;Buritis;15;0
310940;Buritizeiro;12;0
310950;Cabo Verde;25;0
310990;Caetanópolis;31;0
311000;Caeté;43;0
311030;Caldas;24;0
311050;Camanducaia;19;0
311060;Cambuí;30;0
311070;Cambuquira;29;0
311090;Campanha;16;0
311100;Campestre;31;0
311110;Campina Verde;26;0
311120;Campo Belo;59;11
311130;Campo do Meio;14;0
311150;Campos Altos;24;0
311160;Campos Gerais;37;0
311180;Canápolis;16;0
311200;Candeias;20;0
311230;Capelinha;36;0
311260;Capinópolis;10;0
311270;Capitão Enéas;14;0
311280;Capitólio;15;0
311300;Caraí;20;0
311320;Carandaí;43;0
311330;Carangola;159;16
311340;Caratinga;125;28
311350;Carbonita;13;0
311360;Careaçu;15;0
311370;Carlos Chagas;31;0
311380;Carmésia;6;0
311390;Carmo da Cachoeira;23;0
311400;Carmo da Mata;24;0
311410;Carmo de Minas;52;0
311430;Carmo do Paranaíba;30;0
311440;Carmo do Rio Claro;15;0
311450;Carmópolis de Minas;21;0
311460;Carrancas;12;0
311510;Cássia;37;0
311530;Cataguases;121;10
311550;Caxambu;25;0
311570;Central de Minas;15;0
311580;Centralina;11;0
311615;Chapada Gaúcha;9;0
311630;Cipotânea;12;0
311660;Cláudio;34;0
311680;Coluna;22;0
311710;Conceição da Aparecida;14;0
311730;Conceição das Alagoas;13;0
311750;Conceição do Mato Dentro;26;0
311770;Conceição do Rio Verde;22;0
311800;Congonhas;52;0
311820;Conquista;15;0
311830;Conselheiro Lafaiete;171;10
311840;Conselheiro Pena;27;0
311860;Contagem;438;55
311880;Coração de Jesus;20;0
311930;Coromandel;16;0
311940;Coronel Fabriciano;104;20
312020;Cristais;8;0
312050;Cristina;20;0
312080;Cruzília;52;0
312090;Curvelo;147;20
312100;Datas;10;0
312120;Delfinópolis;13;0
312160;Diamantina?;111;20
312180;Dionísio;9;0
312200;Divino;24;0
312210;Divino das Laranjeiras;10;0
312230;Divinópolis;346;61
312240;Divisa Nova;6;0
312260;Dom Joaquim;13;0
312270;Dom Silvério;30;0
312320;Dores do Indaiá;31;0
312360;Elói Mendes;26;0
312390;Entre Rios de Minas;39;0
312400;Ervália;14;0
312410;Esmeraldas;23;0
312420;Espera Feliz;38;0
312430;Espinosa;16;0
312450;Estiva;16;0
312470;Estrela do Indaiá;9;0
312480;Estrela do Sul;4;0
312490;Eugenópolis;16;0
312510;Extrema;27;10
312550;São Gonçalo do Rio Preto;6;0
312560;Felisburgo;27;0
312590;Ferros;19;0
312595;Fervedouro;13;0
312610;Formiga;60;17
312620;Formoso;3;0
312650;Francisco Badaró;11;0
312670;Francisco Sá;30;0
312690;Frei Inocêncio;8;0
312710;Frutal;44;0
312760;Gouveia;20;0
312770;Governador Valadares;419;67
312780;Grão Mogol;25;0
312800;Guanhães;55;0
312810;Guapé;22;0
312820;Guaraciaba;23;0
312830;Guaranésia;27;0
312840;Guarani;23;0
312860;Guarda-Mor;10;0
312870;Guaxupé;62;10
312910;Gurinhatã;12;0
312940;Ibertioga;20;0
312950;Ibiá;13;0
312970;Ibiraci;9;0
312980;Ibirité;57;10
313030;Iguatama;22;0
313050;Ilicínea;15;0
313090;Inhapim;37;0
313120;Ipanema;28;0
313130;Ipatinga;455;50
313150;Ipuiuna;13;0
313170;Itabira;184;30
313180;Itabirinha;14;0
313190;Itabirito;45;0
313210;Itacarambi;17;0
313220;Itaguara;32;0
313230;Itaipé;15;0
313240;Itajubá;137;28
313250;Itamarandiba;69;0
313270;Itambacuri;52;0
313290;Itamogi;17;0
313300;Itamonte;39;0
313310;Itanhandu;35;0
313320;Itanhomi;10;0
313330;Itaobim;37;0
313350;Itapecerica;36;0
313375;Itaú de Minas;20;0
313380;Itaúna;69;10
313420;Ituiutaba;126;15
313440;Iturama;59;0
313460;Jaboticatubas;25;0
313470;Jacinto;20;0
313480;Jacuí;10;0
313490;Jacutinga;27;0
313505;Jaíba;12;0
313510;Janaúba;109;10
313520;Januária;30;0
313540;Jeceaba;12;0
313580;Jequitinhonha;51;0
313600;Joaíma;22;0
313620;João Monlevade;91;10
313630;João Pinheiro;39;0
313650;Jordânia;18;0
313670;Juiz de Fora;1847;210
313690;Juruaia;9;0
313700;Ladainha;14;0
313710;Lagamar;7;0
313720;Lagoa da Prata;51;10
313750;Lagoa Formosa;18;0
313760;Lagoa Santa;69;0
313770;Lajinha;28;0
313780;Lambari;37;0
313790;Lamim;7;0
313800;Laranjal;14;0
313820;Lavras;122;20
313840;Leopoldina;54;7
313860;Lima Duarte;25;0
313880;Luz;20;0
313890;Machacalis;25;0
313900;Machado;44;0
313920;Malacacheta;25;0
313930;Manga;14;0
313940;Manhuaçu;130;11
313950;Manhumirim;56;10
313960;Mantena;55;0
313980;Mar de Espanha;29;0
313990;Maria da Fé;12;0
314000;Mariana;38;0
314050;Martinho Campos;12;0
314070;Mateus Leme;59;0
314090;Matipó;25;0
314100;Mato Verde;0;0
314110;Matozinhos;52;0
314120;Matutina;8;0
314140;Medina;41;0
314150;Mendes Pimentel;11;0
314160;Mercês;16;0
314180;Minas Novas;33;0
314190;Minduri;12;0
314200;Mirabela;22;0
314220;Miraí;29;0
314240;Moema;11;0
314260;Monsenhor Paulo;15;0
314270;Montalvânia;16;0
314280;Monte Alegre de Minas;13;0
314290;Monte Azul;26;0
314300;Monte Belo;14;0
314310;Monte Carmelo;90;0
314320;Monte Santo de Minas;34;0
314330;Montes Claros;679;83
314350;Morada Nova de Minas;13;0
314390;Muriaé;426;58
314400;Mutum;27;0
314410;Muzambinho;35;0
314430;Nanuque;39;0
314450;Nazareno;9;0
314460;Nepomuceno;17;0
314470;Nova Era;36;0
314480;Nova Lima;164;47
314500;Nova Ponte;16;0
314510;Nova Resende;12;0
314520;Nova Serrana;28;0
314530;Novo Cruzeiro;23;0
314560;Oliveira;60;10
314590;Ouro Branco;39;6
314600;Ouro Fino;41;0
314610;Ouro Preto;82;10
314630;Padre Paraíso;32;0
314650;Pains;10;0
314670;Palma;18;0
314700;Paracatu;175;8
314710;Pará de Minas;87;10
314720;Paraguaçu;22;0
314730;Paraisópolis;25;0
314750;Passabém;9;0
314760;Passa Quatro;33;0
314770;Passa Tempo;22;0
314790;Passos;250;47
314800;Patos de Minas;283;66
314810;Patrocínio;117;26
314860;Peçanha;21;0
314870;Pedra Azul;41;0
314910;Pedralva;9;0
314920;Pedrinópolis;16;0
314930;Pedro Leopoldo;36;0
314980;Perdizes;22;0
314990;Perdões;31;0
315030;Piedade do Rio Grande;11;0
315050;Pimenta;10;0
315080;Piranga;19;0
315110;Pirapetinga;24;0
315120;Pirapora;84;10
315140;Pitangui;40;0
315150;Piumhi;66;10
315160;Planura;6;0
315170;Poço Fundo;32;0
315180;Poços de Caldas;387;58
315190;Pocrane;14;0
315200;Pompéu;21;0
315210;Ponte Nova;171;30
315220;Porteirinha;29;0
315240;Poté;19;0
315250;Pouso Alegre;271;40
315260;Pouso Alto;17;0
315270;Prados;22;0
315280;Prata;16;0
315290;Pratápolis;8;0
315300;Pratinha;2;0
315310;Presidente Bernardes;12;0
315340;Presidente Olegário;11;0
315400;Raul Soares;39;0
315410;Recreio;23;0
315420;Resende Costa;49;0
315430;Resplendor;36;0
315460;Ribeirão das Neves;72;0
315470;Ribeirão Vermelho;12;0
315490;Rio Casca;22;0
315520;Rio Espera;14;0
315550;Rio Paranaíba;13;0
315560;Rio Pardo de Minas;17;0
315570;Rio Piracicaba;24;0
315580;Rio Pomba;44;0
315590;Rio Preto;17;0
315600;Rio Vermelho;20;0
315660;Rubim;23;0
315670;Sabará;113;0
315680;Sabinópolis;31;0
315690;Sacramento;33;0
315700;Salinas;47;0
315710;Salto da Divisa;15;0
315720;Santa Bárbara;33;0
315770;Santa Juliana;14;0
315780;Santa Luzia;41;0
315790;Santa Margarida;18;0
315800;Santa Maria de Itabira;10;0
315810;Santa Maria do Salto;6;0
315820;Santa Maria do Suaçuí;30;0
315920;Santa Rita de Caldas;43;0
315930;Santa Rita de Jacutinga;14;0
315960;Santa Rita do Sapucaí;33;0
315980;Santa Vitória;23;0
315990;Santo Antônio do Amparo;28;9
316030;Santo Antônio do Jacinto;6;0
316040;Santo Antônio do Monte;34;0
316070;Santos Dumont;60;6
316100;São Domingos do Prata;30;0
316110;São Francisco;34;0
316200;São Gonçalo do Sapucaí;30;0
316210;São Gotardo;26;0
316220;São João Batista do Glória;20;0
316240;São João da Ponte;23;0
316250;São João del-Rei;184;20
316270;São João do Paraíso;35;0
316280;São João Evangelista;32;0
316290;São João Nepomuceno;34;0
316370;São Lourenço;53;10
316390;São Pedro da União;6;0
316420;São Romão;8;0
316430;São Roque de Minas;8;0
316470;São Sebastião do Paraíso;124;22
316500;São Tiago;33;0
316510;São Tomás de Aquino;0;0
316530;São Vicente de Minas;22;0
316570;Senador Firmino;20;0
316680;Serra do Salitre;9;0
316690;Serrania;9;0
316710;Serro;37;0
316720;Sete Lagoas;221;34
316800;Taiobeiras;62;10
316840;Tarumirim;43;0
316850;Teixeiras;12;0
316860;Teófilo Otoni;272;35
316870;Timóteo;51;8
316890;Tiros;11;0
316920;Tombos;26;0
316930;Três Corações;108;10
316935;Três Marias;17;0
316940;Três Pontas;89;10
316970;Turmalina;37;0
316990;Ubá;213;27
317005;Ubaporanga;0;0
317010;Uberaba;624;79
317020;Uberlândia;907;165
317040;Unaí;65;0
317043;União de Minas;26;0
317052;Urucuia;19;0
317070;Varginha;233;36
317080;Várzea da Palma;40;0
317090;Varzelândia;13;0
317100;Vazante;29;0
317120;Vespasiano;54;0
317130;Viçosa;157;15
317160;Virgem da Lapa;22;0
317170;Virgínia;20;0
317180;Virginópolis;36;0
317200;Visconde do Rio Branco;56;10
320010;Afonso Cláudio;38;0
320020;Alegre;39;0
320040;Anchieta;92;0
320050;Apiacá;25;0
320060;Aracruz;79;10
320070;Atílio Vivácqua;8;0
320080;Baixo Guandu;25;0
320090;Barra de São Francisco;19;0
320100;Boa Esperança;26;0
320120;Cachoeiro de Itapemirim;376;68
320130;Cariacica;218;56
320140;Castelo;28;0
320150;Colatina;380;52
320160;Conceição da Barra;16;0
320170;Conceição do Castelo;12;0
320190;Domingos Martins;78;0
320210;Ecoporanga;22;0
320220;Fundão;11;0
320230;Guaçuí;63;20
320240;Guarapari;8;0
320245;Ibatiba;28;0
320260;Iconha;20;0
320270;Itaguaçu;40;0
320280;Itapemirim;92;0
320290;Itarana;24;0
320300;Iúna;50;0
320305;Jaguaré;12;0
320310;Jerônimo Monteiro;25;0
320313;João Neiva;34;0
320316;Laranja da Terra;17;0
320320;Linhares;201;37
320332;Marataízes;64;0
320340;Mimoso do Sul;37;0
320350;Montanha;22;0
320360;Mucurici;12;0
320370;Muniz Freire;19;0
320380;Muqui;21;0
320390;Nova Venécia;32;0
320400;Pancas;31;0
320405;Pedro Canário;24;0
320410;Pinheiros;22;0
320420;Piúma;22;0
320435;Rio Bananal;16;0
320450;Santa Leopoldina;25;0
320455;Santa Maria de Jetibá;38;0
320460;Santa Teresa;85;10
320470;São Gabriel da Palha;67;0
320480;São José do Calçado;56;7
320490;São Mateus;205;48
320500;Serra;570;131
320503;Vargem Alta;26;0
320506;Venda Nova do Imigrante;45;0
320520;Vila Velha;649;86
320530;Vitória;1544;208
330010;Angra dos Reis;261;19
330015;Aperibé;25;0
330020;Araruama;129;16
330022;Areal;18;0
330023;Armação dos Búzios;30;0
330025;Arraial do Cabo;55;8
330030;Barra do Piraí;219;16
330040;Barra Mansa;217;34
330045;Belford Roxo;86;0
330050;Bom Jardim;46;0
330060;Bom Jesus do Itabapoana;76;10
330070;Cabo Frio;371;55
330080;Cachoeiras de Macacu;60;0
330090;Cambuci;31;4
330100;Campos dos Goytacazes;1170;189
330110;Cantagalo;55;0
330120;Carmo;24;0
330130;Casimiro de Abreu;45;0
330140;Conceição de Macabu;42;0
330150;Cordeiro;26;0
330160;Duas Barras;9;0
330170;Duque de Caxias;744;170
330180;Engenheiro Paulo de Frontin;26;0
330185;Guapimirim;70;0
330190;Itaboraí;302;18
330200;Itaguaí;113;10
330205;Italva;44;0
330210;Itaocara;54;4
330220;Itaperuna;393;82
330225;Itatiaia;65;0
330230;Laje do Muriaé;24;0
330240;Macaé;396;70
330250;Magé;118;0
330260;Mangaratiba;40;0
330270;Maricá;97;0
330280;Mendes;23;0
330285;Mesquita;26;0
330290;Miguel Pereira;62;0
330300;Miracema;50;9
330310;Natividade;32;0
330320;Nilópolis;110;17
330330;Niterói;1399;214
330340;Nova Friburgo;336;28
330350;Nova Iguaçu;434;68
330360;Paracambi;35;0
330370;Paraíba do Sul;101;7
330380;Paraty;21;0
330390;Petrópolis;1014;127
330395;Pinheiral;16;0
330400;Piraí;34;0
330411;Porto Real;33;6
330412;Quatis;26;0
330414;Queimados;1;0
330415;Quissamã;40;6
330420;Resende;283;41
330430;Rio Bonito;77;7
330440;Rio Claro;31;0
330450;Rio das Flores;17;0
330452;Rio das Ostras;70;10
330455;Rio de Janeiro;13441;2876
330460;Santa Maria Madalena;53;0
330470;Santo Antônio de Pádua;117;8
330475;São Francisco de Itabapoana;14;0
330480;São Fidélis;72;10
330490;São Gonçalo;912;145
330500;São João da Barra;23;0
330510;São João de Meriti;107;17
330515;São José do Vale do Rio Preto;37;0
330520;São Pedro da Aldeia;34;0
330530;São Sebastião do Alto;36;0
330550;Saquarema;75;15
330555;Seropédica;1;0
330560;Silva Jardim;36;0
330570;Sumidouro;18;0
330575;Tanguá;9;0
330580;Teresópolis;288;30
330590;Trajano de Moraes;27;0
330600;Três Rios;66;10
330610;Valença;232;20
330615;Varre-Sai;28;0
330620;Vassouras;248;35
330630;Volta Redonda;528;107
350010;Adamantina;82;5
350030;Aguaí;10;0
350050;Águas de Lindóia;26;0
350070;Agudos;40;0
350100;Altinópolis;22;0
350110;Alto Alegre;17;0
350130;Álvares Machado;17;0
350160;Americana;280;35
350170;Américo Brasiliense;189;10
350190;Amparo;83;9
350210;Andradina;93;10
350220;Angatuba;38;0
350250;Aparecida;69;9
350260;Aparecida d'Oeste;17;0
350270;Apiaí;26;0
350280;Araçatuba;347;29
350290;Araçoiaba da Serra;321;0
350310;Arandu;7;0
350320;Araraquara;334;32
350330;Araras;343;25
350340;Arealva;27;0
350370;Ariranha;15;0
350380;Artur Nogueira;27;0
350390;Arujá;54;8
350400;Assis;196;27
350410;Atibaia;133;21
350420;Auriflama;32;0
350450;Avaré;127;10
350490;Bananal;7;0
350520;Bariri;18;0
350530;Barra Bonita;72;0
350550;Barretos;430;74
350570;Barueri;262;33
350580;Bastos;21;0
350590;Batatais;98;8
350600;Bauru;970;106
350610;Bebedouro;105;6
350630;Bernardino de Campos;18;0
350635;Bertioga;26;0
350640;Bilac;32;0
350650;Birigui;124;15
350670;Boa Esperança do Sul;10;0
350680;Bocaina;22;0
350700;Boituva;29;0
350710;Bom Jesus dos Perdões;8;0
350740;Borborema;14;0
350750;Botucatu;483;40
350760;Bragança Paulista;255;40
350790;Brotas;27;0
350810;Buritama;21;0
350840;Cabreúva;5;0
350850;Caçapava;71;5
350860;Cachoeira Paulista;30;0
350870;Caconde;60;0
350880;Cafelândia;33;0
350900;Caieiras;66;10
350920;Cajamar;79;0
350930;Cajobi;20;0
350940;Cajuru;113;0
350950;Campinas;2174;418
350960;Campo Limpo Paulista;26;0
350970;Campos do Jordão;178;0
351000;Cândido Mota;19;0
351020;Capão Bonito;32;0
351030;Capela do Alto;14;0
351040;Capivari;53;10
351050;Caraguatatuba;113;6
351060;Carapicuíba;157;26
351070;Cardoso;17;0
351080;Casa Branca;40;0
351100;Castilho;18;0
351110;Catanduva;312;40
351130;Cedral;50;0
351140;Cerqueira César;29;0
351150;Cerquilho;28;0
351160;Cesário Lange;17;0
351170;Charqueada;20;0
351190;Clementina;17;0
351200;Colina;27;0
351210;Colômbia;12;0
351220;Conchal;25;0
351230;Conchas;28;0
351260;Coronel Macedo;6;0
351280;Cosmópolis;82;14
351300;Cotia;579;28
351310;Cravinhos;15;0
351340;Cruzeiro;72;10
351350;Cubatão;73;11
351360;Cunha;31;0
351370;Descalvado;28;0
351380;Diadema;368;40
351390;Divinolândia;183;0
351410;Dois Córregos;36;0
351430;Dourado;7;0
351440;Dracena;103;10
351450;Duartina;50;0
351480;Eldorado;2;0
351490;Elias Fausto;6;0
351500;Embu das Artes;63;0
351510;Embu-Guaçu;12;0
351518;Espírito Santo do Pinhal;65;0
351520;Estrela d'Oeste;45;0
351540;Fartura;12;0
351550;Fernandópolis;105;10
351570;Ferraz de Vasconcelos;117;10
351600;Flórida Paulista;28;0
351620;Franca;324;46
351630;Francisco Morato;97;10
351640;Franco da Rocha;190;21
351660;Gália;34;0
351670;Garça;47;0
351690;General Salgado;29;0
351700;Getulina;31;0
351740;Guaíra;37;0
351760;Guapiara;14;0
351770;Guará;20;0
351780;Guaraçaí;23;0
351820;Guararapes;58;0
351830;Guararema;24;0
351840;Guaratinguetá;201;62
351860;Guariba;42;0
351870;Guarujá;245;50
351880;Guarulhos;1597;163
351900;Herculândia;56;0
351907;Hortolândia;47;6
351910;Iacanga;19;0
351930;Ibaté;19;0
351940;Ibirá;19;0
351960;Ibitinga;61;8
351970;Ibiúna;29;0
351990;Iepê;13;0
352000;Igaraçu do Tietê;36;0
352010;Igarapava;32;0
352020;Igaratá;10;0
352030;Iguape;9;0
352040;Ilhabela;34;0
352044;Ilha Solteira;90;4
352050;Indaiatuba;155;37
352070;Indiaporã;26;0
352090;Ipaussu;29;0
352100;Iperó;13;0
352130;Ipuã;36;0
352140;Iracemápolis;2;0
352170;Itaberá;18;0
352180;Itaí;24;0
352190;Itajobi;26;0
352210;Itanhaém;87;20
352220;Itapecerica da Serra;240;20
352230;Itapetininga;107;16
352240;Itapeva;93;10
352250;Itapevi;227;17
352260;Itapira;90;11
352270;Itápolis;60;9
352280;Itaporanga;34;0
352290;Itapuí;21;0
352310;Itaquaquecetuba;111;10
352320;Itararé;51;0
352340;Itatiba;80;12
352350;Itatinga;12;0
352360;Itirapina;17;0
352390;Itu;358;26
352400;Itupeva;31;0
352410;Ituverava;83;10
352420;Jaborandi;9;0
352430;Jaboticabal;130;12
352440;Jacareí;282;69
352450;Jaci;172;0
352470;Jaguariúna;47;0
352480;Jales;134;20
352500;Jandira;10;0
352520;Jarinu;39;0
352530;Jaú;515;51
352550;Joanópolis;7;0
352570;José Bonifácio;45;0
352590;Jundiaí;630;105
352600;Junqueirópolis;28;0
352620;Juquitiba;3;0
352640;Laranjal Paulista;26;0
352670;Leme;81;8
352680;Lençóis Paulista;47;5
352690;Limeira;243;64
352710;Lins;286;23
352720;Lorena;106;20
352730;Louveira;21;4
352740;Lucélia;15;0
352770;Luiziânia;3;0
352800;Macatuba;24;0
352810;Macaubal;16;0
352850;Mairiporã;25;0
352880;Maracaí;17;0
352900;Marília;509;87
352920;Martinópolis;20;0
352930;Matão;120;18
352940;Mauá;244;56
352970;Miguelópolis;32;0
352980;Mineiros do Tietê;5;0
353010;Mirandópolis;52;10
353030;Mirassol;65;0
353050;Mococa;95;10
353060;Mogi das Cruzes;548;74
353070;Mogi Guaçu;217;22
353080;Mogi Mirim;193;18
353110;Mongaguá;30;0
353130;Monte Alto;78;13
353140;Monte Aprazível;57;0
353150;Monte Azul Paulista;40;0
353180;Monte Mor;8;0
353190;Morro Agudo;28;0
353200;Morungaba;6;0
353240;Nazaré Paulista;11;0
353250;Neves Paulista;21;0
353260;Nhandeara;119;0
353290;Nova Europa;8;0
353300;Nova Granada;56;0
353340;Nova Odessa;34;0
353350;Novo Horizonte;62;6
353390;Olímpia;50;7
353430;Orlândia;56;0
353440;Osasco;608;76
353460;Osvaldo Cruz;54;0
353470;Ourinhos;135;28
353475;Ouroeste;22;0
353490;Pacaembu;21;0
353520;Palmeira d'Oeste;16;0
353530;Palmital;34;0
353540;Panorama;19;0
353550;Paraguaçu Paulista;60;10
353580;Paranapanema;16;0
353600;Parapuã;25;0
353620;Pariquera-Açu;105;9
353630;Patrocínio Paulista;20;0
353650;Paulínia;51;6
353660;Paulo de Faria;15;0
353670;Pederneiras;48;0
353700;Pedregulho;68;0
353710;Pedreira;62;0
353730;Penápolis;98;8
353740;Pereira Barreto;40;0
353760;Peruíbe;0;0
353780;Piedade;34;0
353790;Pilar do Sul;22;0
353800;Pindamonhangaba;173;20
353860;Piracaia;20;0
353870;Piracicaba;555;104
353880;Piraju;48;0
353890;Pirajuí;274;0
353900;Pirangi;21;0
353930;Pirassununga;69;10
353940;Piratininga;28;0
353950;Pitangueiras;28;0
353980;Poá;27;0
354000;Pompeia;30;0
354020;Pontal;21;0
354040;Populina;13;0
354060;Porto Feliz;34;10
354070;Porto Ferreira;39;6
354080;Potirendaba;22;0
354100;Praia Grande;150;20
354110;Presidente Alves;50;0
354120;Presidente Bernardes;40;0
354130;Presidente Epitácio;51;0
354140;Presidente Prudente;767;81
354150;Presidente Venceslau;55;10
354160;Promissão;37;8
354190;Queluz;24;0
354220;Rancharia;65;5
354240;Regente Feijó;13;0
354260;Registro;120;6
354290;Ribeirão Bonito;12;0
354300;Ribeirão Branco;20;0
354330;Ribeirão Pires;109;11
354340;Ribeirão Preto;1577;171
354380;Rinópolis;16;0
354390;Rio Claro;190;34
354400;Rio das Pedras;31;0
354420;Riolândia;23;0
354425;Rosana;41;0
354430;Roseira;9;0
354490;Sales Oliveira;16;0
354500;Salesópolis;16;0
354520;Salto;87;16
354530;Salto de Pirapora;32;0
354540;Salto Grande;25;0
354560;Santa Adélia;17;0
354580;Santa Bárbara d'Oeste;128;9
354630;Santa Cruz das Palmeiras;30;0
354640;Santa Cruz do Rio Pardo;57;7
354660;Santa Fé do Sul;56;7
354680;Santa Isabel;40;7
354700;Santa Maria da Serra;6;0
354730;Santana de Parnaíba;20;0
354750;Santa Rita do Passa Quatro;64;0
354760;Santa Rosa de Viterbo;20;0
354770;Santo Anastácio;38;0
354780;Santo André;1171;288
354790;Santo Antônio da Alegria;13;0
354850;Santos;1251;196
354860;São Bento do Sapucaí;23;0
354870;São Bernardo do Campo;863;163
354880;São Caetano do Sul;481;149
354890;São Carlos;319;43
354910;São João da Boa Vista;163;20
354940;São Joaquim da Barra;66;8
354970;São José do Rio Pardo;106;7
354980;São José do Rio Preto;1454;209
354990;São José dos Campos;1020;198
355000;São Luiz do Paraitinga;18;0
355010;São Manuel;20;0
355020;São Miguel Arcanjo;42;0
355030;São Paulo;23004;3409
355040;São Pedro;37;0
355060;São Roque;46;5
355070;São Sebastião;68;8
355080;São Sebastião da Grama;25;0
355090;São Simão;33;0
355100;São Vicente;208;16
355150;Serrana;32;0
355160;Serra Negra;29;0
355170;Sertãozinho;110;15
355200;Silveiras;1;0
355210;Socorro;47;0
355220;Sorocaba;1128;152
355230;Sud Mennucci;18;0
355240;Sumaré;109;18
355250;Suzano;84;18
355260;Tabapuã;23;0
355270;Tabatinga;22;0
355280;Taboão da Serra;260;18
355300;Taguaí;17;0
355320;Taiuva;4;0
355330;Tambaú;22;0
355340;Tanabi;49;0
355360;Tapiratiba;10;0
355370;Taquaritinga;90;8
355380;Taquarituba;30;0
355400;Tatuí;83;15
355410;Taubaté?;367;49
355430;Teodoro Sampaio;41;0
355440;Terra Roxa;24;0
355450;Tietê;33;0
355470;Torrinha;14;0
355500;Tupã;388;27
355510;Tupi Paulista;35;0
355540;Ubatuba;49;0
355580;Urânia;26;0
355600;Urupês;29;0
355620;Valinhos;116;46
355630;Valparaíso;35;0
355640;Vargem Grande do Sul;36;0
355645;Vargem Grande Paulista;70;0
355650;Várzea Paulista;26;0
355660;Vera Cruz;0;0
355670;Vinhedo;61;18
355680;Viradouro;32;0
355700;Votorantim;43;5
355710;Votuporanga;152;18
355720;Chavantes;41;0
410010;Abatiá;19;0
410020;Adrianópolis;3;0
410045;Altamira do Paraná;12;0
410050;Altônia;25;0
410060;Alto Paraná;11;0
410080;Alvorada do Sul;10;0
410090;Amaporã;7;0
410100;Ampére;21;0
410110;Andirá;35;0
410120;Antonina;19;0
410130;Antônio Olinto;2;0
410140;Apucarana;154;18
410150;Arapongas;337;79
410160;Arapoti;18;0
410170;Araruna;17;0
410180;Araucária;54;9
410190;Assaí;25;0
410200;Assis Chateaubriand;52;0
410210;Astorga;45;0
410220;Atalaia;9;0
410240;Bandeirantes;106;12
410250;Barbosa Ferraz;18;0
410280;Bela Vista do Paraíso;10;0
410290;Bituruna;21;0
410300;Boa Esperança;7;0
410305;Boa Vista da Aparecida;15;0
410310;Bocaiuva do Sul;6;0
410320;Bom Sucesso;14;0
410330;Borrazópolis;19;0
410360;Cambará;60;0
410370;Cambé;68;16
410390;Campina da Lagoa;20;0
410400;Campina Grande do Sul;311;68
410420;Campo Largo;754;301
410430;Campo Mourão;183;30
410440;Cândido de Abreu;17;0
410442;Candói;25;0
410450;Capanema;27;0
410460;Capitão Leônidas Marques;24;0
410480;Cascavel;830;119
410490;Castro;46;10
410510;Centenário do Sul;12;0
410520;Cerro Azul;21;0
410530;Céu Azul;22;0
410540;Chopinzinho;45;0
410550;Cianorte;103;18
410560;Cidade Gaúcha;12;0
410570;Clevelândia;30;0
410580;Colombo;72;0
410590;Colorado;77;0
410600;Congonhinhas;9;0
410610;Conselheiro Mairinck;10;0
410620;Contenda;11;0
410630;Corbélia;22;0
410640;Cornélio Procópio;138;30
410650;Coronel Vivida;54;0
410660;Cruzeiro do Oeste;18;0
410670;Cruzeiro do Sul;8;0
410680;Cruz Machado;22;0
410690;Curitiba;3831;467
410700;Curiúva;11;0
410710;Diamante do Norte;11;0
410715;Diamante d'Oeste;10;0
410720;Dois Vizinhos;76;0
410730;Doutor Camargo;11;0
410750;Engenheiro Beltrão;24;0
410753;Entre Rios do Oeste;18;0
410760;Faxinal;19;0
410765;Fazenda Rio Grande;22;0
410775;Figueira;23;0
410800;Florestópolis;12;0
410820;Formosa do Oeste;24;0
410830;Foz do Iguaçu;288;58
410832;Francisco Alves;7;0
410840;Francisco Beltrão;195;35
410855;Godoy Moreira;6;0
410860;Goioerê;64;0
410870;Grandes Rios;19;0
410880;Guaíra;37;0
410890;Guairaçá;8;0
410900;Guapirama;10;0
410930;Guaraniaçu;50;0
410940;Guarapuava;221;30
410950;Guaraqueçaba;6;0
410960;Guaratuba;23;0
410970;Ibaiti;35;0
410975;Ibema;22;0
410980;Ibiporã;78;0
411030;Inajá;6;0
411040;Indianópolis;12;0
411050;Ipiranga;16;0
411060;Iporã;16;0
411070;Irati;92;11
411080;Iretama;20;0
411090;Itaguajé;13;0
411095;Itaipulândia;20;0
411100;Itambaracá;12;0
411110;Itambé;12;0
411125;Itaperuçu;28;0
411130;Itaúna do Sul;9;0
411140;Ivaí;9;0
411150;Ivaiporã;128;21
411160;Ivatuba;14;0
411170;Jaboti;10;0
411180;Jacarezinho;69;16
411190;Jaguapitã;20;0
411200;Jaguariaíva;52;0
411210;Jandaia do Sul;30;0
411230;Japira;2;0
411240;Japurá;14;0
411250;Jardim Alegre;15;0
411270;Jataizinho;10;0
411275;Jesuítas;16;0
411280;Joaquim Távora;22;0
411290;Jundiaí do Sul;14;0
411295;Juranda;15;0
411300;Jussara;12;0
411310;Kaloré;16;0
411320;Lapa;133;0
411330;Laranjeiras do Sul;69;0
411345;Lindoeste;14;0
411350;Loanda;37;0
411370;Londrina;1249;199
411375;Lunardelli;20;0
411380;Lupionópolis;8;0
411390;Mallet;19;0
411400;Mamborê;11;0
411410;Mandaguaçu;47;0
411420;Mandaguari;32;0
411430;Mandirituba;23;0
411440;Mangueirinha;25;0
411450;Manoel Ribas;15;0
411460;Marechal Cândido Rondon;63;0
411500;Marilena;13;0
411520;Maringá;868;165
411535;Maripá;0;0
411540;Marmeleiro;37;0
411550;Marumbi;12;0
411560;Matelândia;25;0
411570;Matinhos;0;0
411580;Medianeira;150;13
411600;Miraselva;6;0
411605;Missal;31;0
411620;Morretes;23;0
411670;Nova Aurora;39;0
411680;Nova Cantu;11;0
411690;Nova Esperança;50;0
411695;Nova Esperança do Sudoeste;9;0
411700;Nova Fátima;14;0
411710;Nova Londrina;20;0
411720;Nova Olímpia;13;0
411722;Nova Santa Rosa;11;0
411725;Nova Prata do Iguaçu;13;0
411727;Nova Tebas;20;0
411730;Ortigueira;13;0
411750;Paiçandu;16;0
411760;Palmas;50;10
411770;Palmeira;84;0
411790;Palotina;30;0
411800;Paraíso do Norte;18;0
411820;Paranaguá;126;18
411830;Paranapoema;8;0
411840;Paranavaí;130;10
411845;Pato Bragado;12;0
411850;Pato Branco;212;24
411870;Paulo Frontin;7;0
411890;Pérola;15;0
411910;Piên;30;0
411915;Pinhais;56;0
411920;Pinhalão;13;0
411930;Pinhão;51;0
411940;Piraí do Sul;14;0
411950;Piraquara;84;0
411960;Pitanga;48;0
411970;Planaltina do Paraná;9;0
411980;Planalto;35;0
411990;Ponta Grossa;575;72
412000;Porecatu;19;0
412020;Porto Rico;6;0
412033;Prado Ferreira;14;0
412035;Pranchita;33;0
412040;Presidente Castelo Branco;13;0
412050;Primeiro de Maio;9;0
412060;Prudentópolis;77;0
412070;Quatiguá;17;0
412090;Quedas do Iguaçu;20;0
412100;Querência do Norte;17;0
412120;Quitandinha;15;0
412130;Rancho Alegre;12;0
412150;Rebouças;51;0
412170;Reserva;18;0
412180;Ribeirão Claro;33;0
412190;Ribeirão do Pinhal;32;0
412200;Rio Azul;31;0
412220;Rio Branco do Sul;25;0
412230;Rio Negro;22;0
412240;Rolândia;35;0
412250;Roncador;17;0
412260;Rondon;22;0
412265;Rosário do Ivaí;14;0
412290;Salto do Itararé;13;0
412300;Salto do Lontra;16;0
412310;Santa Amélia;10;0
412350;Santa Helena;37;0
412370;Santa Isabel do Ivaí;16;0
412380;Santa Izabel do Oeste;20;0
412385;Santa Maria do Oeste;23;0
412390;Santa Mariana;21;0
412400;Santana do Itararé;13;0
412410;Santo Antônio da Platina;77;0
412420;Santo Antônio do Caiuá;6;0
412430;Santo Antônio do Paraíso;7;0
412440;Santo Antônio do Sudoeste;19;0
412460;São Carlos do Ivaí;10;0
412470;São Jerônimo da Serra;15;0
412490;São João do Caiuá;8;0
412500;São João do Ivaí;13;0
412510;São João do Triunfo;18;0
412520;São Jorge d'Oeste;17;0
412535;São Jorge do Patrocínio;12;0
412540;São José da Boa Vista;11;0
412545;São José das Palmeiras;15;0
412550;São José dos Pinhais;124;19
412560;São Mateus do Sul;24;0
412570;São Miguel do Iguaçu;225;20
412580;São Pedro do Ivaí;16;0
412600;São Sebastião da Amoreira;21;0
412620;Sapopema;27;0
412625;Sarandi;123;15
412630;Sengés;18;0
412640;Sertaneja;17;0
412650;Sertanópolis;12;0
412660;Siqueira Campos;41;0
412667;Tamarana;9;0
412670;Tamboara;6;0
412700;Teixeira Soares;10;0
412710;Telêmaco Borba;107;12
412720;Terra Boa;38;0
412730;Terra Rica;17;0
412740;Terra Roxa;11;0
412750;Tibagi;20;0
412760;Tijucas do Sul;10;0
412770;Toledo;212;36
412780;Tomazina;46;0
412785;Três Barras do Paraná;24;0
412788;Tunas do Paraná;4;0
412790;Tuneiras do Oeste;17;0
412795;Tupãssi;17;0
412796;Turvo;35;0
412800;Ubiratã;61;0
412810;Umuarama;431;54
412820;União da Vitória;83;16
412840;Uraí;24;0
412850;Wenceslau Braz;25;0
412855;Vera Cruz do Oeste;14;0
412860;Verê;18;0
420010;Abelardo Luz;33;0
420020;Agrolândia;14;0
420040;Água Doce;21;0
420070;Alfredo Wagner;15;0
420090;Angelina;42;0
420100;Anita Garibaldi;27;0
420110;Anitápolis;22;0
420127;Arabutã;20;0
420140;Araranguá;79;10
420150;Armazém;24;0
420160;Arroio Trinta;14;0
420190;Aurora;7;0
420200;Balneário Camboriú;215;30
420220;Benedito Novo;1;0
420230;Biguaçu;47;0
420240;Blumenau;557;65
420260;Bom Retiro;34;0
420280;Braço do Norte;44;0
420290;Brusque;200;20
420300;Caçador;85;20
420310;Caibi;22;0
420320;Camboriú;20;0
420330;Campo Alegre;28;0
420340;Campo Belo do Sul;24;0
420350;Campo Erê;26;0
420360;Campos Novos;68;0
420370;Canelinha;10;0
420380;Canoinhas;43;10
420390;Capinzal;46;0
420400;Catanduvas;28;0
420410;Caxambu do Sul;23;0
420420;Chapecó;290;23
420430;Concórdia;131;10
420440;Coronel Freitas;27;0
420455;Correia Pinto;23;0
420460;Criciúma;358;54
420470;Cunha Porã;29;0
420480;Curitibanos;67;8
420490;Descanso;26;0
420500;Dionísio Cerqueira;34;0
420520;Erval Velho;40;0
420530;Faxinal dos Guedes;26;0
420540;Florianópolis;1386;158
420550;Fraiburgo;42;0
420580;Garuva;5;0
420590;Gaspar;82;0
420630;Guabiruba;16;0
420640;Guaraciaba;32;0
420650;Guaramirim;50;0
420660;Guarujá do Sul;13;0
420680;Ibicaré;0;0
420690;Ibirama;59;10
420700;Içara;56;0
420720;Imaruí;26;0
420730;Imbituba;52;0
420740;Imbuia;6;0
420750;Indaial;70;0
420760;Ipira;24;0
420765;Iporã do Oeste;35;0
420770;Ipumirim;9;0
420780;Irani;17;0
420790;Irineópolis;13;0
420800;Itá;27;0
420810;Itaiópolis;21;0
420820;Itajaí;265;31
420830;Itapema;20;0
420840;Itapiranga;40;0
420845;Itapoá;1;0
420850;Ituporanga;37;10
420870;Jacinto Machado;28;0
420880;Jaguaruna;43;0
420890;Jaraguá do Sul;239;30
420900;Joaçaba;129;10
420910;Joinville;908;98
420915;José Boiteux;1;0
420930;Lages;336;20
420940;Laguna;47;0
420960;Lauro Müller;23;0
420970;Lebon Régis;45;0
420985;Lindóia do Sul;49;0
421000;Luiz Alves;38;0
421003;Luzerna;32;0
421010;Mafra;108;20
421030;Major Vieira;25;0
421050;Maravilha;70;10
421060;Massaranduba;21;0
421080;Meleiro;36;0
421090;Modelo;23;0
421100;Mondaí;19;0
421105;Monte Carlo;9;0
421110;Monte Castelo;14;0
421120;Morro da Fumaça;88;0
421130;Navegantes;26;0
421140;Nova Erechim;40;0
421150;Nova Trento;45;0
421160;Nova Veneza;40;0
421170;Orleans;36;0
421175;Otacílio Costa;28;0
421190;Palhoça;26;0
421200;Palma Sola;26;0
421210;Palmitos;31;0
421220;Papanduva;19;0
421250;Penha;26;0
421260;Peritiba;23;0
421270;Petrolândia;14;0
421290;Pinhalzinho;29;0
421320;Pomerode;46;0
421330;Ponte Alta;42;0
421340;Ponte Serrada;31;0
421360;Porto União;68;8
421370;Pouso Redondo;18;0
421380;Praia Grande;37;0
421400;Presidente Getúlio;37;0
421420;Quilombo;20;0
421450;Rio do Campo;21;0
421470;Rio dos Cedros;47;0
421480;Rio do Sul;195;20
421490;Rio Fortuna;20;0
421500;Rio Negrinho;88;0
421510;Rodeio;30;0
421530;Salete;28;0
421540;Salto Veloso;9;0
421550;Santa Cecília;55;0
421570;Santo Amaro da Imperatriz;45;0
421580;São Bento do Sul;60;10
421590;São Bonifácio;20;0
421600;São Carlos;51;0
421620;São Francisco do Sul;25;0
421625;São João do Oeste;19;0
421630;São João Batista;18;0
421650;São Joaquim;79;0
421660;São José;501;73
421670;São José do Cedro;22;0
421690;São Lourenço do Oeste;39;0
421710;São Martinho;15;0
421720;São Miguel do Oeste;93;10
421725;São Pedro de Alcântara;93;0
421730;Saudades;29;0
421750;Seara;36;0
421770;Sombrio;80;0
421780;Taió;29;0
421790;Tangará;16;0
421800;Tijucas;38;0
421810;Timbé do Sul;20;0
421820;Timbó;70;10
421830;Três Barras;31;0
421840;Treze de Maio;32;0
421860;Trombudo Central;68;0
421870;Tubarão;360;35
421875;Tunápolis;24;0
421880;Turvo;47;0
421890;Urubici;38;0
421900;Urussanga;72;0
421910;Vargeão;14;0
421920;Vidal Ramos;16;0
421930;Videira;125;18
421935;Vitor Meireles;10;0
421940;Witmarsum;21;0
421950;Xanxerê;121;11
421960;Xavantina;20;0
421970;Xaxim;27;0
430003;Aceguá;29;0
430010;Agudo;48;0
430020;Ajuricaba;39;0
430030;Alecrim;43;0
430040;Alegrete;103;8
430050;Alpestre;20;0
430060;Alvorada;36;0
430064;Ametista do Sul;14;0
430070;Anta Gorda;34;0
430080;Antônio Prado;39;0
430090;Aratiba;19;0
430100;Arroio do Meio;49;0
430110;Arroio dos Ratos;13;0
430120;Arroio do Tigre;53;0
430130;Arroio Grande;30;0
430140;Arvorezinha;32;0
430150;Augusto Pestana;32;0
430160;Bagé;145;26
430165;Barão;19;0
430190;Barra do Ribeiro;0;0
430210;Bento Gonçalves;193;20
430220;Boa Vista do Buricá;33;0
430230;Bom Jesus;20;0
430235;Bom Princípio;33;0
430240;Bom Retiro do Sul;33;0
430245;Boqueirão do Leão;27;0
430260;Braga;27;0
430265;Brochier;17;0
430270;Butiá;31;0
430280;Caçapava do Sul;52;0
430290;Cacequi;22;0
430300;Cachoeira do Sul;152;9
430310;Cachoeirinha;32;0
430330;Caibaté;26;0
430340;Caiçara;15;0
430350;Camaquã;89;0
430360;Cambará do Sul;18;0
430370;Campina das Missões;28;0
430380;Campinas do Sul;36;0
430390;Campo Bom;59;10
430400;Campo Novo;19;0
430420;Candelária;57;0
430430;Cândido Godói;25;0
430440;Canela;30;0
430450;Canguçu;65;10
430460;Canoas;553;65
430463;Capão da Canoa;65;10
430470;Carazinho;89;7
430480;Carlos Barbosa;46;0
430490;Casca;17;0
430510;Caxias do Sul;693;100
430520;Cerro Largo;30;0
430530;Chapada;39;0
430535;Charqueadas;114;0
430540;Chiapetta;21;0
430570;Condor;10;0
430580;Constantina;14;0
430590;Coronel Bicaco;24;0
430600;Crissiumal;24;0
430610;Cruz Alta;196;14
430620;Cruzeiro do Sul;25;0
430630;David Canabarro;20;0
430640;Dois Irmãos;35;0
430645;Dois Lajeados;38;0
430650;Dom Feliciano;19;0
430660;Dom Pedrito;77;5
430680;Encantado;30;0
430690;Encruzilhada do Sul;39;0
430700;Erechim;212;19
430710;Herval;27;0
430750;Espumoso;43;0
430755;Estação;29;0
430760;Estância Velha;26;0
430770;Esteio;91;8
430780;Estrela;72;10
430790;Farroupilha;61;10
430800;Faxinal do Soturno;47;1
430810;Feliz;29;0
430820;Flores da Cunha;38;0
430840;Formigueiro;14;0
430845;Fortaleza dos Valos;11;0
430850;Frederico Westphalen;78;10
430860;Garibaldi;56;0
430870;Gaurama;29;0
430890;Getúlio Vargas;44;0
430900;Giruá;33;0
430910;Gramado;65;10
430920;Gravataí;150;10
430925;Guabiju;3;0
430930;Guaíba;16;0
430940;Guaporé;53;0
430950;Guarani das Missões;26;0
430960;Horizontina;47;0
430970;Humaitá;23;0
431000;Ibirubá;29;0
431010;Igrejinha;60;0
431020;Ijuí;252;38
431030;Ilópolis;29;0
431050;Iraí;38;0
431060;Itaqui;40;0
431070;Itatiba do Sul;10;0
431075;Ivorá;19;0
431080;Ivoti;39;0
431085;Jaboticaba;26;0
431100;Jaguarão;35;0
431110;Jaguari;36;0
431112;Jaquirana;8;0
431115;Jóia;3;0
431120;Júlio de Castilhos;38;0
431130;Lagoa Vermelha;47;0
431140;Lajeado;118;20
431150;Lavras do Sul;16;0
431180;Marau;72;0
431190;Marcelino Ramos;35;0
431205;Marques de Souza;31;0
431210;Mata;22;0
431220;Maximiliano de Almeida;25;0
431240;Montenegro;150;19
431245;Morro Redondo;19;0
431250;Mostardas;21;0
431260;Muçum;19;0
431265;Não-Me-Toque;72;0
431270;Nonoai;36;0
431290;Nova Bassano;51;0
431300;Nova Bréscia;24;0
431310;Nova Palma;26;0
431320;Nova Petrópolis;23;0
431330;Nova Prata;56;0
431340;Novo Hamburgo;304;44
431350;Osório;50;0
431360;Paim Filho;32;0
431365;Palmares do Sul;34;0
431370;Palmeira das Missões;80;0
431380;Palmitinho;31;0
431390;Panambi;61;0
431400;Paraí;27;0
431402;Paraíso do Sul;29;0
431405;Parobé;63;0
431410;Passo Fundo;798;71
431420;Pedro Osório;25;0
431430;Pejuçara;11;0
431440;Pelotas;746;72
431447;Pinhal Grande;22;0
431450;Pinheiro Machado;52;0
431460;Piratini;104;0
431470;Planalto;31;0
431480;Portão;39;0
431490;Porto Alegre;4971;618
431500;Porto Lucena;37;0
431510;Porto Xavier;31;0
431515;Progresso;37;0
431520;Putinga;23;0
431530;Quaraí;33;0
431535;Quinze de Novembro;9;0
431540;Redentora;17;0
431550;Restinga Sêca;32;0
431560;Rio Grande;462;36
431570;Rio Pardo;56;0
431575;Riozinho;30;0
431580;Roca Sales;19;0
431590;Rodeio Bonito;34;0
431600;Rolante;37;0
431610;Ronda Alta;60;0
431620;Rondinha;25;0
431630;Roque Gonzales;24;0
431640;Rosário do Sul;55;8
431643;Saldanha Marinho;15;0
431645;Salto do Jacuí;16;0
431650;Salvador do Sul;23;0
431660;Sananduva;51;0
431670;Santa Bárbara do Sul;26;0
431680;Santa Cruz do Sul;214;17
431690;Santa Maria;741;66
431710;Santana do Livramento;148;20
431720;Santa Rosa;118;24
431730;Santa Vitória do Palmar;38;0
431740;Santiago;87;10
431750;Santo Ângelo;148;17
431760;Santo Antônio da Patrulha;53;0
431780;Santo Augusto;49;0
431790;Santo Cristo;44;0
431800;São Borja;63;7
431810;São Francisco de Assis;36;0
431820;São Francisco de Paula;34;0
431830;São Gabriel;130;10
431840;São Jerônimo;67;0
431843;São João do Polêsine;45;0
431850;São José do Norte;37;0
431860;São José do Ouro;42;0
431870;São Leopoldo;140;7
431880;São Lourenço do Sul;87;0
431890;São Luiz Gonzaga;67;0
431900;São Marcos;52;0
431910;São Martinho;30;0
431915;São Miguel das Missões;27;0
431930;São Paulo das Missões;29;0
431940;São Pedro do Sul;31;0
431950;São Sebastião do Caí;33;0
431960;São Sepé;42;0
431980;São Vicente do Sul;25;0
431990;Sapiranga;82;7
432000;Sapucaia do Sul;104;10
432010;Sarandi;40;0
432020;Seberi;29;0
432026;Segredo;22;0
432030;Selbach;21;0
432040;Serafina Corrêa;39;0
432045;Sério;10;0
432050;Sertão;32;0
432060;Severiano de Almeida;19;0
432065;Silveira Martins;6;0
432067;Sinimbu;41;0
432070;Sobradinho;95;0
432080;Soledade;57;0
432090;Tapejara;65;0
432100;Tapera;19;0
432110;Tapes;34;0
432120;Taquara;48;10
432130;Taquari;52;0
432140;Tenente Portela;68;10
432143;Terra de Areia;1;0
432145;Teutônia;49;0
432150;Torres;44;5
432160;Tramandaí;71;10
432170;Três Coroas;45;0
432180;Três de Maio;47;6
432190;Três Passos;71;10
432195;Trindade do Sul;20;0
432200;Triunfo;32;0
432210;Tucunduva;26;0
432220;Tupanciretã;30;0
432230;Tuparendi;27;0
432240;Uruguaiana;115;20
432250;Vacaria;97;10
432253;Vale do Sol;28;0
432260;Venâncio Aires;76;10
432270;Vera Cruz;39;0
432280;Veranópolis;45;0
432290;Viadutos;38;0
432300;Viamão;143;15
500020;Água Clara;8;0
500060;Amambai;66;0
500070;Anastácio;16;0
500080;Anaurilândia;7;0
500085;Angélica;15;0
500090;Antônio João;4;0
500100;Aparecida do Taboado;49;0
500110;Aquidauana;98;10
500124;Aral Moreira;2;0
500150;Bandeirantes;7;0
500190;Bataguassu;18;0
500210;Bela Vista;20;0
500215;Bodoquena;5;0
500220;Bonito;16;0
500230;Brasilândia;11;0
500240;Caarapó;18;0
500260;Camapuã;10;0
500270;Campo Grande;1523;266
500280;Caracol;5;0
500290;Cassilândia;36;0
500295;Chapadão do Sul;65;0
500310;Corguinho;2;0
500315;Coronel Sapucaia;4;0
500320;Corumbá;114;10
500325;Costa Rica;31;0
500330;Coxim;59;0
500345;Deodápolis;7;0
500348;Dois Irmãos do Buriti;16;0
500370;Dourados;457;69
500375;Eldorado;11;0
500380;Fátima do Sul;47;0
500390;Figueirão;6;0
500400;Glória de Dourados;7;0
500410;Guia Lopes da Laguna;15;0
500430;Iguatemi;24;0
500440;Inocência;5;0
500450;Itaporã;8;0
500460;Itaquiraí;16;0
500470;Ivinhema;13;0
500500;Jardim;21;0
500510;Jateí;15;0
500515;Juti;6;0
500525;Laguna Carapã;4;0
500540;Maracaju;31;0
500560;Miranda;13;0
500568;Mundo Novo;18;0
500570;Naviraí;52;0
500580;Nioaque;4;0
500600;Nova Alvorada do Sul;9;0
500620;Nova Andradina;63;10
500625;Novo Horizonte do Sul;7;0
500630;Paranaíba;74;0
500635;Paranhos;5;0
500640;Pedro Gomes;12;0
500660;Ponta Porã;89;10
500690;Porto Murtinho;8;0
500710;Ribas do Rio Pardo;9;0
500720;Rio Brilhante;22;0
500730;Rio Negro;9;0
500740;Rio Verde de Mato Grosso;23;0
500750;Rochedo;5;0
500755;Santa Rita do Pardo;7;0
500769;São Gabriel do Oeste;24;0
500770;Sete Quedas;30;0
500790;Sidrolândia;27;0
500793;Sonora;11;0
500795;Tacuru;4;0
500797;Taquarussu;2;0
500830;Três Lagoas;132;19
500840;Vicentina;3;0
510020;Água Boa;70;0
510025;Alta Floresta;70;10
510030;Alto Araguaia;59;0
510060;Alto Taquari;14;0
510080;Apiacás;15;0
510100;Araguaiana;12;0
510125;Araputanga;10;0
510130;Arenápolis;10;0
510140;Aripuanã;17;0
510160;Barão de Melgaço;8;0
510170;Barra do Bugres;41;0
510180;Barra do Garças;57;10
510190;Brasnorte;15;0
510250;Cáceres;148;26
510260;Campinápolis;9;0
510263;Campo Novo do Parecis;19;0
510267;Campo Verde;31;0
510268;Campos de Júlio;13;0
510269;Canabrava do Norte;9;0
510270;Canarana;37;0
510300;Chapada dos Guimarães;18;0
510305;Cláudia;12;0
510310;Cocalinho;8;0
510320;Colíder;75;8
510325;Colniza;18;0
510330;Comodoro;24;0
510335;Confresa;38;0
510337;Cotriguaçu;20;0
510340;Cuiabá;1555;326
510345;Denise;16;0
510350;Diamantino;34;0
510360;Dom Aquino;11;0
510385;Gaúcha do Norte;15;0
510390;General Carneiro;10;0
510410;Guarantã do Norte;31;0
510420;Guiratinga;8;0
510455;Itaúba;9;0
510460;Itiquira;24;0
510480;Jaciara;35;0
510500;Jauru;28;0
510510;Juara;39;0
510515;Juína;90;10
510517;Juruena;9;0
510520;Juscimeira;21;0
510525;Lucas do Rio Verde;68;10
510550;Vila Bela da Santíssima Trindade;36;0
510558;Marcelândia;14;0
510560;Matupá;23;0
510562;Mirassol d'Oeste;52;0
510590;Nobres;27;0
510600;Nortelândia;19;0
510610;Nossa Senhora do Livramento;11;0
510615;Nova Bandeirantes;6;0
510618;Nova Lacerda;6;0
510620;Nova Brasilândia;10;0
510622;Nova Mutum;27;0
510623;Nova Olímpia;32;0
510625;Nova Xavantina;18;0
510627;Novo Horizonte do Norte;12;0
510628;Novo São Joaquim;13;0
510629;Paranaíta;21;0
510630;Paranatinga;17;0
510637;Pedra Preta;15;0
510642;Peixoto de Azevedo;40;0
510650;Poconé;41;0
510670;Ponte Branca;9;0
510675;Pontes e Lacerda;46;0
510677;Porto Alegre do Norte;11;0
510680;Porto dos Gaúchos;16;0
510700;Poxoréu;55;0
510704;Primavera do Leste;95;22
510706;Querência;17;0
510710;São José dos Quatro Marcos;33;0
510718;Ribeirão Cascalheira;19;0
510719;Ribeirãozinho;7;0
510720;Rio Branco;12;0
510730;São José do Rio Claro;12;0
510735;São José do Xingu;19;0
510760;Rondonópolis;256;39
510770;Rosário Oeste;44;0
510775;Salto do Céu;6;0
510777;Santa Terezinha;11;0
510780;Santo Antônio de Leverger;17;0
510785;São Félix do Araguaia;19;0
510787;Sapezal;35;0
510790;Sinop;180;22
510792;Sorriso;96;20
510794;Tabaporã;9;0
510795;Tangará da Serra;105;41
510800;Tapurah;15;0
510805;Terra Nova do Norte;24;0
510810;Tesouro;10;0
510820;Torixoréu;15;0
510835;Vale de São Domingos;5;0
510840;Várzea Grande;269;33
510860;Vila Rica;19;0
510885;Nova Marilândia;8;0
510890;Nova Maringá;6;0
510895;Nova Monte Verde;10;0
520010;Abadiânia;9;0
520013;Acreúna;46;0
520017;Água Fria de Goiás;8;0
520025;Águas Lindas de Goiás;28;0
520030;Alexânia;19;0
520050;Aloândia;9;0
520060;Alto Paraíso de Goiás;12;0
520080;Alvorada do Norte;17;0
520085;Americano do Brasil;11;0
520090;Amorinópolis;10;0
520110;Anápolis;592;76
520130;Anicuns;30;0
520140;Aparecida de Goiânia;370;85
520150;Aporé;15;0
520160;Araçu;9;0
520170;Aragarças;23;0
520180;Aragoiânia;7;0
520215;Araguapaz;6;0
520235;Arenópolis;11;0
520250;Aruanã;9;0
520280;Avelinópolis;8;0
520320;Barro Alto;13;0
520330;Bela Vista de Goiás;17;0
520340;Bom Jardim de Goiás;12;0
520350;Bom Jesus de Goiás;17;0
520355;Bonfinópolis;3;0
520380;Britânia;10;0
520390;Buriti Alegre;22;0
520393;Buriti de Goiás;7;0
520400;Cabeceiras;11;0
520410;Cachoeira Alta;16;0
520425;Cachoeira Dourada;10;0
520430;Caçu;20;0
520440;Caiapônia;22;0
520450;Caldas Novas;81;20
520465;Campinaçu;13;0
520470;Campinorte;7;0
520480;Campo Alegre de Goiás;15;0
520490;Campos Belos;31;0
520500;Carmo do Rio Verde;13;0
520505;Castelândia;9;0
520510;Catalão;244;28
520520;Caturaí;10;0
520530;Cavalcante;9;0
520540;Ceres;248;19
520545;Cezarina;10;0
520547;Chapadão do Céu;15;0
520549;Cidade Ocidental;28;0
520551;Cocalzinho de Goiás;15;0
520552;Colinas do Sul;10;0
520570;Córrego do Ouro;8;0
520580;Corumbá de Goiás;20;0
520590;Corumbaíba;19;0
520620;Cristalina;38;0
520630;Cristianópolis;4;0
520640;Crixás;60;0
520650;Cromínia;7;0
520660;Cumari;10;0
520670;Damianópolis;7;0
520680;Damolândia;8;0
520710;Diorama;12;0
520725;Doverlândia;13;0
520735;Edealina;10;0
520740;Edéia;29;0
520750;Estrela do Norte;13;0
520753;Faina;13;0
520760;Fazenda Nova;8;0
520780;Firminópolis;26;0
520790;Flores de Goiás;5;0
520800;Formosa;93;12
520810;Formoso;16;0
520830;Divinópolis de Goiás;12;0
520840;Goianápolis;12;0
520850;Goiandira;24;0
520860;Goianésia;136;10
520870;Goiânia;4115;653
520880;Goianira;50;0
520890;Goiás;59;10
520910;Goiatuba;85;0
520960;Heitoraí;10;0
520970;Hidrolândia;13;0
520980;Hidrolina;16;0
520990;Iaciara;9;0
520993;Inaciolândia;9;0
520995;Indiara;27;0
521000;Inhumas;115;11
521010;Ipameri;84;0
521020;Iporá;86;0
521030;Israelândia;3;0
521040;Itaberaí;19;0
521060;Itaguaru;14;0
521080;Itajá;11;0
521090;Itapaci;36;0
521100;Itapirapuã;16;0
521120;Itapuranga;81;0
521130;Itarumã;10;0
521140;Itauçu;10;0
521150;Itumbiara;164;10
521160;Ivolândia;5;0
521170;Jandaia;7;0
521180;Jaraguá;66;0
521190;Jataí;105;20
521200;Jaupaci;5;0
521210;Joviânia;10;0
521220;Jussara;49;0
521230;Leopoldo de Bulhões;17;0
521250;Luziânia;63;5
521260;Mairipotaba;10;0
521270;Mambaí;13;0
521280;Mara Rosa;25;0
521290;Marzagão;18;0
521295;Matrinchã;9;0
521300;Maurilândia;7;0
521308;Minaçu;43;0
521310;Mineiros;155;10
521350;Monte Alegre de Goiás;10;0
521370;Montes Claros de Goiás;18;0
521375;Montividiu;8;0
521380;Morrinhos;65;0
521385;Morro Agudo de Goiás;15;0
521390;Mossâmedes;14;0
521400;Mozarlândia;13;0
521405;Mundo Novo;6;0
521410;Mutunópolis;12;0
521440;Nazário;8;0
521450;Nerópolis;60;50
521460;Niquelândia;70;0
521470;Nova América;2;0
521483;Nova Crixás;24;0
521500;Nova Veneza;10;0
521520;Novo Brasil;7;0
521530;Orizona;17;0
521550;Ouvidor;19;0
521560;Padre Bernardo;18;0
521565;Palestina de Goiás;13;0
521570;Palmeiras de Goiás;15;0
521580;Palmelo;6;0
521590;Palminópolis;12;0
521600;Panamá;7;0
521630;Paranaiguara;16;0
521640;Paraúna;15;0
521680;Petrolina de Goiás;22;0
521710;Piracanjuba;46;0
521720;Piranhas;20;0
521730;Pirenópolis;37;0
521740;Pires do Rio;28;0
521760;Planaltina;29;0
521770;Pontalina;25;0
521800;Porangatu;70;0
521805;Porteirão;10;0
521810;Portelândia;8;0
521830;Posse;43;0
521850;Quirinópolis;71;11
521860;Rialma;13;0
521880;Rio Verde;278;39
521890;Rubiataba;78;0
521900;Sanclerlândia;12;0
521910;Santa Bárbara de Goiás;9;0
521920;Santa Cruz de Goiás;8;0
521925;Santa Fé de Goiás;10;0
521930;Santa Helena de Goiás;111;10
521950;Santa Rosa de Goiás;10;0
521960;Santa Tereza de Goiás;11;0
521970;Santa Terezinha de Goiás;17;0
521973;Santo Antônio de Goiás;13;0
521975;Santo Antônio do Descoberto;55;0
521980;São Domingos;9;0
522000;São João d'Aliança;16;0
522010;São Luís de Montes Belos;69;9
522015;São Luiz do Norte;7;0
522020;São Miguel do Araguaia;40;0
522026;São Miguel do Passa-Quatro;10;0
522040;São Simão;32;0
522045;Senador Canedo;44;10
522050;Serranópolis;11;0
522060;Silvânia;23;0
522068;Simolândia;12;0
522100;Taquaral de Goiás;31;0
522130;Três Ranchos;6;0
522140;Trindade;466;0
522145;Trombas;9;0
522150;Turvânia;11;0
522155;Turvelândia;8;0
522160;Uruaçu;62;0
522170;Uruana;15;0
522185;Valparaíso de Goiás;23;0
522200;Vianópolis;27;0
522205;Vicentinópolis;8;0
522220;Vila Boa;7;0
530010;Brasília;4644;835
