regiao,estado,data,casosNovos,casosAcumulados,obitosNovos,obitosAcumulados
Norte,RO,30/01/2020,0,0,0,0
Norte,RO,31/01/2020,0,0,0,0
Norte,RO,01/02/2020,0,0,0,0
Norte,RO,02/02/2020,0,0,0,0
Norte,RO,03/02/2020,0,0,0,0
Norte,RO,04/02/2020,0,0,0,0
Norte,RO,05/02/2020,0,0,0,0
Norte,RO,06/02/2020,0,0,0,0
Norte,RO,07/02/2020,0,0,0,0
Norte,RO,08/02/2020,0,0,0,0
Norte,RO,09/02/2020,0,0,0,0
Norte,RO,10/02/2020,0,0,0,0
Norte,RO,11/02/2020,0,0,0,0
Norte,RO,12/02/2020,0,0,0,0
Norte,RO,13/02/2020,0,0,0,0
Norte,RO,14/02/2020,0,0,0,0
Norte,RO,15/02/2020,0,0,0,0
Norte,RO,16/02/2020,0,0,0,0
Norte,RO,17/02/2020,0,0,0,0
Norte,RO,18/02/2020,0,0,0,0
Norte,RO,19/02/2020,0,0,0,0
Norte,RO,20/02/2020,0,0,0,0
Norte,RO,21/02/2020,0,0,0,0
Norte,RO,22/02/2020,0,0,0,0
Norte,RO,23/02/2020,0,0,0,0
Norte,RO,24/02/2020,0,0,0,0
Norte,RO,25/02/2020,0,0,0,0
Norte,RO,26/02/2020,0,0,0,0
Norte,RO,27/02/2020,0,0,0,0
Norte,RO,28/02/2020,0,0,0,0
Norte,RO,29/02/2020,0,0,0,0
Norte,RO,01/03/2020,0,0,0,0
Norte,RO,02/03/2020,0,0,0,0
Norte,RO,03/03/2020,0,0,0,0
Norte,RO,04/03/2020,0,0,0,0
Norte,RO,05/03/2020,0,0,0,0
Norte,RO,06/03/2020,0,0,0,0
Norte,RO,07/03/2020,0,0,0,0
Norte,RO,08/03/2020,0,0,0,0
Norte,RO,09/03/2020,0,0,0,0
Norte,RO,10/03/2020,0,0,0,0
Norte,RO,11/03/2020,0,0,0,0
Norte,RO,12/03/2020,0,0,0,0
Norte,RO,13/03/2020,0,0,0,0
Norte,RO,14/03/2020,0,0,0,0
Norte,RO,15/03/2020,0,0,0,0
Norte,RO,16/03/2020,0,0,0,0
Norte,RO,17/03/2020,0,0,0,0
Norte,RO,18/03/2020,0,0,0,0
Norte,RO,19/03/2020,0,0,0,0
Norte,RO,20/03/2020,1,1,0,0
Norte,RO,21/03/2020,0,1,0,0
Norte,RO,22/03/2020,2,3,0,0
Norte,RO,23/03/2020,0,3,0,0
Norte,RO,24/03/2020,0,3,0,0
Norte,RO,25/03/2020,2,5,0,0
Norte,RO,26/03/2020,0,5,0,0
Norte,RO,27/03/2020,1,6,0,0
Norte,RO,28/03/2020,0,6,0,0
Norte,RO,29/03/2020,0,6,0,0
Norte,RO,30/03/2020,0,6,0,0
Norte,RO,31/03/2020,2,8,1,1
Norte,RO,01/04/2020,1,9,0,1
Norte,RO,02/04/2020,1,10,0,1
Norte,RO,03/04/2020,0,10,0,1
Norte,RO,04/04/2020,1,11,0,1
Norte,RO,05/04/2020,1,12,0,1
Norte,AC,30/01/2020,0,0,0,0
Norte,AC,31/01/2020,0,0,0,0
Norte,AC,01/02/2020,0,0,0,0
Norte,AC,02/02/2020,0,0,0,0
Norte,AC,03/02/2020,0,0,0,0
Norte,AC,04/02/2020,0,0,0,0
Norte,AC,05/02/2020,0,0,0,0
Norte,AC,06/02/2020,0,0,0,0
Norte,AC,07/02/2020,0,0,0,0
Norte,AC,08/02/2020,0,0,0,0
Norte,AC,09/02/2020,0,0,0,0
Norte,AC,10/02/2020,0,0,0,0
Norte,AC,11/02/2020,0,0,0,0
Norte,AC,12/02/2020,0,0,0,0
Norte,AC,13/02/2020,0,0,0,0
Norte,AC,14/02/2020,0,0,0,0
Norte,AC,15/02/2020,0,0,0,0
Norte,AC,16/02/2020,0,0,0,0
Norte,AC,17/02/2020,0,0,0,0
Norte,AC,18/02/2020,0,0,0,0
Norte,AC,19/02/2020,0,0,0,0
Norte,AC,20/02/2020,0,0,0,0
Norte,AC,21/02/2020,0,0,0,0
Norte,AC,22/02/2020,0,0,0,0
Norte,AC,23/02/2020,0,0,0,0
Norte,AC,24/02/2020,0,0,0,0
Norte,AC,25/02/2020,0,0,0,0
Norte,AC,26/02/2020,0,0,0,0
Norte,AC,27/02/2020,0,0,0,0
Norte,AC,28/02/2020,0,0,0,0
Norte,AC,29/02/2020,0,0,0,0
Norte,AC,01/03/2020,0,0,0,0
Norte,AC,02/03/2020,0,0,0,0
Norte,AC,03/03/2020,0,0,0,0
Norte,AC,04/03/2020,0,0,0,0
Norte,AC,05/03/2020,0,0,0,0
Norte,AC,06/03/2020,0,0,0,0
Norte,AC,07/03/2020,0,0,0,0
Norte,AC,08/03/2020,0,0,0,0
Norte,AC,09/03/2020,0,0,0,0
Norte,AC,10/03/2020,0,0,0,0
Norte,AC,11/03/2020,0,0,0,0
Norte,AC,12/03/2020,0,0,0,0
Norte,AC,13/03/2020,0,0,0,0
Norte,AC,14/03/2020,0,0,0,0
Norte,AC,15/03/2020,0,0,0,0
Norte,AC,16/03/2020,0,0,0,0
Norte,AC,17/03/2020,0,0,0,0
Norte,AC,18/03/2020,0,0,0,0
Norte,AC,19/03/2020,3,3,0,0
Norte,AC,20/03/2020,4,7,0,0
Norte,AC,21/03/2020,2,9,0,0
Norte,AC,22/03/2020,2,11,0,0
Norte,AC,23/03/2020,0,11,0,0
Norte,AC,24/03/2020,6,17,0,0
Norte,AC,25/03/2020,6,23,0,0
Norte,AC,26/03/2020,1,24,0,0
Norte,AC,27/03/2020,1,25,0,0
Norte,AC,28/03/2020,0,25,0,0
Norte,AC,29/03/2020,9,34,0,0
Norte,AC,30/03/2020,8,42,0,0
Norte,AC,31/03/2020,0,42,0,0
Norte,AC,01/04/2020,1,43,0,0
Norte,AC,02/04/2020,0,43,0,0
Norte,AC,03/04/2020,3,46,0,0
Norte,AC,04/04/2020,0,46,0,0
Norte,AC,05/04/2020,2,48,0,0
Norte,AM,30/01/2020,0,0,0,0
Norte,AM,31/01/2020,0,0,0,0
Norte,AM,01/02/2020,0,0,0,0
Norte,AM,02/02/2020,0,0,0,0
Norte,AM,03/02/2020,0,0,0,0
Norte,AM,04/02/2020,0,0,0,0
Norte,AM,05/02/2020,0,0,0,0
Norte,AM,06/02/2020,0,0,0,0
Norte,AM,07/02/2020,0,0,0,0
Norte,AM,08/02/2020,0,0,0,0
Norte,AM,09/02/2020,0,0,0,0
Norte,AM,10/02/2020,0,0,0,0
Norte,AM,11/02/2020,0,0,0,0
Norte,AM,12/02/2020,0,0,0,0
Norte,AM,13/02/2020,0,0,0,0
Norte,AM,14/02/2020,0,0,0,0
Norte,AM,15/02/2020,0,0,0,0
Norte,AM,16/02/2020,0,0,0,0
Norte,AM,17/02/2020,0,0,0,0
Norte,AM,18/02/2020,0,0,0,0
Norte,AM,19/02/2020,0,0,0,0
Norte,AM,20/02/2020,0,0,0,0
Norte,AM,21/02/2020,0,0,0,0
Norte,AM,22/02/2020,0,0,0,0
Norte,AM,23/02/2020,0,0,0,0
Norte,AM,24/02/2020,0,0,0,0
Norte,AM,25/02/2020,0,0,0,0
Norte,AM,26/02/2020,0,0,0,0
Norte,AM,27/02/2020,0,0,0,0
Norte,AM,28/02/2020,0,0,0,0
Norte,AM,29/02/2020,0,0,0,0
Norte,AM,01/03/2020,0,0,0,0
Norte,AM,02/03/2020,0,0,0,0
Norte,AM,03/03/2020,0,0,0,0
Norte,AM,04/03/2020,0,0,0,0
Norte,AM,05/03/2020,0,0,0,0
Norte,AM,06/03/2020,0,0,0,0
Norte,AM,07/03/2020,0,0,0,0
Norte,AM,08/03/2020,0,0,0,0
Norte,AM,09/03/2020,0,0,0,0
Norte,AM,10/03/2020,0,0,0,0
Norte,AM,11/03/2020,0,0,0,0
Norte,AM,12/03/2020,0,0,0,0
Norte,AM,13/03/2020,0,0,0,0
Norte,AM,14/03/2020,0,0,0,0
Norte,AM,15/03/2020,1,1,0,0
Norte,AM,16/03/2020,0,1,0,0
Norte,AM,17/03/2020,0,1,0,0
Norte,AM,18/03/2020,0,1,0,0
Norte,AM,19/03/2020,2,3,0,0
Norte,AM,20/03/2020,0,3,0,0
Norte,AM,21/03/2020,8,11,0,0
Norte,AM,22/03/2020,15,26,0,0
Norte,AM,23/03/2020,6,32,0,0
Norte,AM,24/03/2020,15,47,0,0
Norte,AM,25/03/2020,7,54,1,1
Norte,AM,26/03/2020,13,67,0,1
Norte,AM,27/03/2020,14,81,0,1
Norte,AM,28/03/2020,30,111,0,1
Norte,AM,29/03/2020,29,140,0,1
Norte,AM,30/03/2020,11,151,0,1
Norte,AM,31/03/2020,24,175,2,3
Norte,AM,01/04/2020,25,200,0,3
Norte,AM,02/04/2020,29,229,0,3
Norte,AM,03/04/2020,31,260,4,7
Norte,AM,04/04/2020,51,311,5,12
Norte,AM,05/04/2020,106,417,2,14
Norte,RR,30/01/2020,0,0,0,0
Norte,RR,31/01/2020,0,0,0,0
Norte,RR,01/02/2020,0,0,0,0
Norte,RR,02/02/2020,0,0,0,0
Norte,RR,03/02/2020,0,0,0,0
Norte,RR,04/02/2020,0,0,0,0
Norte,RR,05/02/2020,0,0,0,0
Norte,RR,06/02/2020,0,0,0,0
Norte,RR,07/02/2020,0,0,0,0
Norte,RR,08/02/2020,0,0,0,0
Norte,RR,09/02/2020,0,0,0,0
Norte,RR,10/02/2020,0,0,0,0
Norte,RR,11/02/2020,0,0,0,0
Norte,RR,12/02/2020,0,0,0,0
Norte,RR,13/02/2020,0,0,0,0
Norte,RR,14/02/2020,0,0,0,0
Norte,RR,15/02/2020,0,0,0,0
Norte,RR,16/02/2020,0,0,0,0
Norte,RR,17/02/2020,0,0,0,0
Norte,RR,18/02/2020,0,0,0,0
Norte,RR,19/02/2020,0,0,0,0
Norte,RR,20/02/2020,0,0,0,0
Norte,RR,21/02/2020,0,0,0,0
Norte,RR,22/02/2020,0,0,0,0
Norte,RR,23/02/2020,0,0,0,0
Norte,RR,24/02/2020,0,0,0,0
Norte,RR,25/02/2020,0,0,0,0
Norte,RR,26/02/2020,0,0,0,0
Norte,RR,27/02/2020,0,0,0,0
Norte,RR,28/02/2020,0,0,0,0
Norte,RR,29/02/2020,0,0,0,0
Norte,RR,01/03/2020,0,0,0,0
Norte,RR,02/03/2020,0,0,0,0
Norte,RR,03/03/2020,0,0,0,0
Norte,RR,04/03/2020,0,0,0,0
Norte,RR,05/03/2020,0,0,0,0
Norte,RR,06/03/2020,0,0,0,0
Norte,RR,07/03/2020,0,0,0,0
Norte,RR,08/03/2020,0,0,0,0
Norte,RR,09/03/2020,0,0,0,0
Norte,RR,10/03/2020,0,0,0,0
Norte,RR,11/03/2020,0,0,0,0
Norte,RR,12/03/2020,0,0,0,0
Norte,RR,13/03/2020,0,0,0,0
Norte,RR,14/03/2020,0,0,0,0
Norte,RR,15/03/2020,0,0,0,0
Norte,RR,16/03/2020,0,0,0,0
Norte,RR,17/03/2020,0,0,0,0
Norte,RR,18/03/2020,0,0,0,0
Norte,RR,19/03/2020,0,0,0,0
Norte,RR,20/03/2020,0,0,0,0
Norte,RR,21/03/2020,0,0,0,0
Norte,RR,22/03/2020,2,2,0,0
Norte,RR,23/03/2020,0,2,0,0
Norte,RR,24/03/2020,0,2,0,0
Norte,RR,25/03/2020,6,8,0,0
Norte,RR,26/03/2020,0,8,0,0
Norte,RR,27/03/2020,2,10,0,0
Norte,RR,28/03/2020,2,12,0,0
Norte,RR,29/03/2020,4,16,0,0
Norte,RR,30/03/2020,0,16,0,0
Norte,RR,31/03/2020,0,16,0,0
Norte,RR,01/04/2020,6,22,0,0
Norte,RR,02/04/2020,4,26,0,0
Norte,RR,03/04/2020,4,30,0,0
Norte,RR,04/04/2020,7,37,1,1
Norte,RR,05/04/2020,5,42,0,1
Norte,PA,30/01/2020,0,0,0,0
Norte,PA,31/01/2020,0,0,0,0
Norte,PA,01/02/2020,0,0,0,0
Norte,PA,02/02/2020,0,0,0,0
Norte,PA,03/02/2020,0,0,0,0
Norte,PA,04/02/2020,0,0,0,0
Norte,PA,05/02/2020,0,0,0,0
Norte,PA,06/02/2020,0,0,0,0
Norte,PA,07/02/2020,0,0,0,0
Norte,PA,08/02/2020,0,0,0,0
Norte,PA,09/02/2020,0,0,0,0
Norte,PA,10/02/2020,0,0,0,0
Norte,PA,11/02/2020,0,0,0,0
Norte,PA,12/02/2020,0,0,0,0
Norte,PA,13/02/2020,0,0,0,0
Norte,PA,14/02/2020,0,0,0,0
Norte,PA,15/02/2020,0,0,0,0
Norte,PA,16/02/2020,0,0,0,0
Norte,PA,17/02/2020,0,0,0,0
Norte,PA,18/02/2020,0,0,0,0
Norte,PA,19/02/2020,0,0,0,0
Norte,PA,20/02/2020,0,0,0,0
Norte,PA,21/02/2020,0,0,0,0
Norte,PA,22/02/2020,0,0,0,0
Norte,PA,23/02/2020,0,0,0,0
Norte,PA,24/02/2020,0,0,0,0
Norte,PA,25/02/2020,0,0,0,0
Norte,PA,26/02/2020,0,0,0,0
Norte,PA,27/02/2020,0,0,0,0
Norte,PA,28/02/2020,0,0,0,0
Norte,PA,29/02/2020,0,0,0,0
Norte,PA,01/03/2020,0,0,0,0
Norte,PA,02/03/2020,0,0,0,0
Norte,PA,03/03/2020,0,0,0,0
Norte,PA,04/03/2020,0,0,0,0
Norte,PA,05/03/2020,0,0,0,0
Norte,PA,06/03/2020,0,0,0,0
Norte,PA,07/03/2020,0,0,0,0
Norte,PA,08/03/2020,0,0,0,0
Norte,PA,09/03/2020,0,0,0,0
Norte,PA,10/03/2020,0,0,0,0
Norte,PA,11/03/2020,0,0,0,0
Norte,PA,12/03/2020,0,0,0,0
Norte,PA,13/03/2020,0,0,0,0
Norte,PA,14/03/2020,0,0,0,0
Norte,PA,15/03/2020,0,0,0,0
Norte,PA,16/03/2020,0,0,0,0
Norte,PA,17/03/2020,0,0,0,0
Norte,PA,18/03/2020,0,0,0,0
Norte,PA,19/03/2020,1,1,0,0
Norte,PA,20/03/2020,1,2,0,0
Norte,PA,21/03/2020,0,2,0,0
Norte,PA,22/03/2020,2,4,0,0
Norte,PA,23/03/2020,1,5,0,0
Norte,PA,24/03/2020,0,5,0,0
Norte,PA,25/03/2020,2,7,0,0
Norte,PA,26/03/2020,6,13,0,0
Norte,PA,27/03/2020,0,13,0,0
Norte,PA,28/03/2020,4,17,0,0
Norte,PA,29/03/2020,1,18,0,0
Norte,PA,30/03/2020,3,21,0,0
Norte,PA,31/03/2020,11,32,0,0
Norte,PA,01/04/2020,8,40,1,1
Norte,PA,02/04/2020,6,46,0,1
Norte,PA,03/04/2020,4,50,0,1
Norte,PA,04/04/2020,30,80,0,1
Norte,PA,05/04/2020,6,86,0,1
Norte,AP,30/01/2020,0,0,0,0
Norte,AP,31/01/2020,0,0,0,0
Norte,AP,01/02/2020,0,0,0,0
Norte,AP,02/02/2020,0,0,0,0
Norte,AP,03/02/2020,0,0,0,0
Norte,AP,04/02/2020,0,0,0,0
Norte,AP,05/02/2020,0,0,0,0
Norte,AP,06/02/2020,0,0,0,0
Norte,AP,07/02/2020,0,0,0,0
Norte,AP,08/02/2020,0,0,0,0
Norte,AP,09/02/2020,0,0,0,0
Norte,AP,10/02/2020,0,0,0,0
Norte,AP,11/02/2020,0,0,0,0
Norte,AP,12/02/2020,0,0,0,0
Norte,AP,13/02/2020,0,0,0,0
Norte,AP,14/02/2020,0,0,0,0
Norte,AP,15/02/2020,0,0,0,0
Norte,AP,16/02/2020,0,0,0,0
Norte,AP,17/02/2020,0,0,0,0
Norte,AP,18/02/2020,0,0,0,0
Norte,AP,19/02/2020,0,0,0,0
Norte,AP,20/02/2020,0,0,0,0
Norte,AP,21/02/2020,0,0,0,0
Norte,AP,22/02/2020,0,0,0,0
Norte,AP,23/02/2020,0,0,0,0
Norte,AP,24/02/2020,0,0,0,0
Norte,AP,25/02/2020,0,0,0,0
Norte,AP,26/02/2020,0,0,0,0
Norte,AP,27/02/2020,0,0,0,0
Norte,AP,28/02/2020,0,0,0,0
Norte,AP,29/02/2020,0,0,0,0
Norte,AP,01/03/2020,0,0,0,0
Norte,AP,02/03/2020,0,0,0,0
Norte,AP,03/03/2020,0,0,0,0
Norte,AP,04/03/2020,0,0,0,0
Norte,AP,05/03/2020,0,0,0,0
Norte,AP,06/03/2020,0,0,0,0
Norte,AP,07/03/2020,0,0,0,0
Norte,AP,08/03/2020,0,0,0,0
Norte,AP,09/03/2020,0,0,0,0
Norte,AP,10/03/2020,0,0,0,0
Norte,AP,11/03/2020,0,0,0,0
Norte,AP,12/03/2020,0,0,0,0
Norte,AP,13/03/2020,0,0,0,0
Norte,AP,14/03/2020,0,0,0,0
Norte,AP,15/03/2020,0,0,0,0
Norte,AP,16/03/2020,0,0,0,0
Norte,AP,17/03/2020,0,0,0,0
Norte,AP,18/03/2020,0,0,0,0
Norte,AP,19/03/2020,0,0,0,0
Norte,AP,20/03/2020,1,1,0,0
Norte,AP,21/03/2020,0,1,0,0
Norte,AP,22/03/2020,0,1,0,0
Norte,AP,23/03/2020,0,1,0,0
Norte,AP,24/03/2020,0,1,0,0
Norte,AP,25/03/2020,0,1,0,0
Norte,AP,26/03/2020,1,2,0,0
Norte,AP,27/03/2020,0,2,0,0
Norte,AP,28/03/2020,2,4,0,0
Norte,AP,29/03/2020,0,4,0,0
Norte,AP,30/03/2020,4,8,0,0
Norte,AP,31/03/2020,2,10,0,0
Norte,AP,01/04/2020,1,11,0,0
Norte,AP,02/04/2020,0,11,0,0
Norte,AP,03/04/2020,8,19,0,0
Norte,AP,04/04/2020,9,28,1,1
Norte,AP,05/04/2020,1,29,1,2
Norte,TO,30/01/2020,0,0,0,0
Norte,TO,31/01/2020,0,0,0,0
Norte,TO,01/02/2020,0,0,0,0
Norte,TO,02/02/2020,0,0,0,0
Norte,TO,03/02/2020,0,0,0,0
Norte,TO,04/02/2020,0,0,0,0
Norte,TO,05/02/2020,0,0,0,0
Norte,TO,06/02/2020,0,0,0,0
Norte,TO,07/02/2020,0,0,0,0
Norte,TO,08/02/2020,0,0,0,0
Norte,TO,09/02/2020,0,0,0,0
Norte,TO,10/02/2020,0,0,0,0
Norte,TO,11/02/2020,0,0,0,0
Norte,TO,12/02/2020,0,0,0,0
Norte,TO,13/02/2020,0,0,0,0
Norte,TO,14/02/2020,0,0,0,0
Norte,TO,15/02/2020,0,0,0,0
Norte,TO,16/02/2020,0,0,0,0
Norte,TO,17/02/2020,0,0,0,0
Norte,TO,18/02/2020,0,0,0,0
Norte,TO,19/02/2020,0,0,0,0
Norte,TO,20/02/2020,0,0,0,0
Norte,TO,21/02/2020,0,0,0,0
Norte,TO,22/02/2020,0,0,0,0
Norte,TO,23/02/2020,0,0,0,0
Norte,TO,24/02/2020,0,0,0,0
Norte,TO,25/02/2020,0,0,0,0
Norte,TO,26/02/2020,0,0,0,0
Norte,TO,27/02/2020,0,0,0,0
Norte,TO,28/02/2020,0,0,0,0
Norte,TO,29/02/2020,0,0,0,0
Norte,TO,01/03/2020,0,0,0,0
Norte,TO,02/03/2020,0,0,0,0
Norte,TO,03/03/2020,0,0,0,0
Norte,TO,04/03/2020,0,0,0,0
Norte,TO,05/03/2020,0,0,0,0
Norte,TO,06/03/2020,0,0,0,0
Norte,TO,07/03/2020,0,0,0,0
Norte,TO,08/03/2020,0,0,0,0
Norte,TO,09/03/2020,0,0,0,0
Norte,TO,10/03/2020,0,0,0,0
Norte,TO,11/03/2020,0,0,0,0
Norte,TO,12/03/2020,0,0,0,0
Norte,TO,13/03/2020,0,0,0,0
Norte,TO,14/03/2020,0,0,0,0
Norte,TO,15/03/2020,0,0,0,0
Norte,TO,16/03/2020,0,0,0,0
Norte,TO,17/03/2020,0,0,0,0
Norte,TO,18/03/2020,0,0,0,0
Norte,TO,19/03/2020,1,1,0,0
Norte,TO,20/03/2020,0,1,0,0
Norte,TO,21/03/2020,1,2,0,0
Norte,TO,22/03/2020,0,2,0,0
Norte,TO,23/03/2020,3,5,0,0
Norte,TO,24/03/2020,2,7,0,0
Norte,TO,25/03/2020,0,7,0,0
Norte,TO,26/03/2020,0,7,0,0
Norte,TO,27/03/2020,1,8,0,0
Norte,TO,28/03/2020,1,9,0,0
Norte,TO,29/03/2020,0,9,0,0
Norte,TO,30/03/2020,1,10,0,0
Norte,TO,31/03/2020,1,11,0,0
Norte,TO,01/04/2020,1,12,0,0
Norte,TO,02/04/2020,0,12,0,0
Norte,TO,03/04/2020,0,12,0,0
Norte,TO,04/04/2020,2,14,0,0
Norte,TO,05/04/2020,3,17,0,0
Nordeste,MA,30/01/2020,0,0,0,0
Nordeste,MA,31/01/2020,0,0,0,0
Nordeste,MA,01/02/2020,0,0,0,0
Nordeste,MA,02/02/2020,0,0,0,0
Nordeste,MA,03/02/2020,0,0,0,0
Nordeste,MA,04/02/2020,0,0,0,0
Nordeste,MA,05/02/2020,0,0,0,0
Nordeste,MA,06/02/2020,0,0,0,0
Nordeste,MA,07/02/2020,0,0,0,0
Nordeste,MA,08/02/2020,0,0,0,0
Nordeste,MA,09/02/2020,0,0,0,0
Nordeste,MA,10/02/2020,0,0,0,0
Nordeste,MA,11/02/2020,0,0,0,0
Nordeste,MA,12/02/2020,0,0,0,0
Nordeste,MA,13/02/2020,0,0,0,0
Nordeste,MA,14/02/2020,0,0,0,0
Nordeste,MA,15/02/2020,0,0,0,0
Nordeste,MA,16/02/2020,0,0,0,0
Nordeste,MA,17/02/2020,0,0,0,0
Nordeste,MA,18/02/2020,0,0,0,0
Nordeste,MA,19/02/2020,0,0,0,0
Nordeste,MA,20/02/2020,0,0,0,0
Nordeste,MA,21/02/2020,0,0,0,0
Nordeste,MA,22/02/2020,0,0,0,0
Nordeste,MA,23/02/2020,0,0,0,0
Nordeste,MA,24/02/2020,0,0,0,0
Nordeste,MA,25/02/2020,0,0,0,0
Nordeste,MA,26/02/2020,0,0,0,0
Nordeste,MA,27/02/2020,0,0,0,0
Nordeste,MA,28/02/2020,0,0,0,0
Nordeste,MA,29/02/2020,0,0,0,0
Nordeste,MA,01/03/2020,0,0,0,0
Nordeste,MA,02/03/2020,0,0,0,0
Nordeste,MA,03/03/2020,0,0,0,0
Nordeste,MA,04/03/2020,0,0,0,0
Nordeste,MA,05/03/2020,0,0,0,0
Nordeste,MA,06/03/2020,0,0,0,0
Nordeste,MA,07/03/2020,0,0,0,0
Nordeste,MA,08/03/2020,0,0,0,0
Nordeste,MA,09/03/2020,0,0,0,0
Nordeste,MA,10/03/2020,0,0,0,0
Nordeste,MA,11/03/2020,0,0,0,0
Nordeste,MA,12/03/2020,0,0,0,0
Nordeste,MA,13/03/2020,0,0,0,0
Nordeste,MA,14/03/2020,0,0,0,0
Nordeste,MA,15/03/2020,0,0,0,0
Nordeste,MA,16/03/2020,0,0,0,0
Nordeste,MA,17/03/2020,0,0,0,0
Nordeste,MA,18/03/2020,0,0,0,0
Nordeste,MA,19/03/2020,0,0,0,0
Nordeste,MA,20/03/2020,0,0,0,0
Nordeste,MA,21/03/2020,1,1,0,0
Nordeste,MA,22/03/2020,1,2,0,0
Nordeste,MA,23/03/2020,0,2,0,0
Nordeste,MA,24/03/2020,6,8,0,0
Nordeste,MA,25/03/2020,0,8,0,0
Nordeste,MA,26/03/2020,2,10,0,0
Nordeste,MA,27/03/2020,3,13,0,0
Nordeste,MA,28/03/2020,1,14,0,0
Nordeste,MA,29/03/2020,2,16,0,0
Nordeste,MA,30/03/2020,7,23,1,1
Nordeste,MA,31/03/2020,8,31,0,1
Nordeste,MA,01/04/2020,21,52,0,1
Nordeste,MA,02/04/2020,19,71,0,1
Nordeste,MA,03/04/2020,10,81,0,1
Nordeste,MA,04/04/2020,7,88,0,1
Nordeste,MA,05/04/2020,8,96,1,2
Nordeste,PI,30/01/2020,0,0,0,0
Nordeste,PI,31/01/2020,0,0,0,0
Nordeste,PI,01/02/2020,0,0,0,0
Nordeste,PI,02/02/2020,0,0,0,0
Nordeste,PI,03/02/2020,0,0,0,0
Nordeste,PI,04/02/2020,0,0,0,0
Nordeste,PI,05/02/2020,0,0,0,0
Nordeste,PI,06/02/2020,0,0,0,0
Nordeste,PI,07/02/2020,0,0,0,0
Nordeste,PI,08/02/2020,0,0,0,0
Nordeste,PI,09/02/2020,0,0,0,0
Nordeste,PI,10/02/2020,0,0,0,0
Nordeste,PI,11/02/2020,0,0,0,0
Nordeste,PI,12/02/2020,0,0,0,0
Nordeste,PI,13/02/2020,0,0,0,0
Nordeste,PI,14/02/2020,0,0,0,0
Nordeste,PI,15/02/2020,0,0,0,0
Nordeste,PI,16/02/2020,0,0,0,0
Nordeste,PI,17/02/2020,0,0,0,0
Nordeste,PI,18/02/2020,0,0,0,0
Nordeste,PI,19/02/2020,0,0,0,0
Nordeste,PI,20/02/2020,0,0,0,0
Nordeste,PI,21/02/2020,0,0,0,0
Nordeste,PI,22/02/2020,0,0,0,0
Nordeste,PI,23/02/2020,0,0,0,0
Nordeste,PI,24/02/2020,0,0,0,0
Nordeste,PI,25/02/2020,0,0,0,0
Nordeste,PI,26/02/2020,0,0,0,0
Nordeste,PI,27/02/2020,0,0,0,0
Nordeste,PI,28/02/2020,0,0,0,0
Nordeste,PI,29/02/2020,0,0,0,0
Nordeste,PI,01/03/2020,0,0,0,0
Nordeste,PI,02/03/2020,0,0,0,0
Nordeste,PI,03/03/2020,0,0,0,0
Nordeste,PI,04/03/2020,0,0,0,0
Nordeste,PI,05/03/2020,0,0,0,0
Nordeste,PI,06/03/2020,0,0,0,0
Nordeste,PI,07/03/2020,0,0,0,0
Nordeste,PI,08/03/2020,0,0,0,0
Nordeste,PI,09/03/2020,0,0,0,0
Nordeste,PI,10/03/2020,0,0,0,0
Nordeste,PI,11/03/2020,0,0,0,0
Nordeste,PI,12/03/2020,0,0,0,0
Nordeste,PI,13/03/2020,0,0,0,0
Nordeste,PI,14/03/2020,0,0,0,0
Nordeste,PI,15/03/2020,0,0,0,0
Nordeste,PI,16/03/2020,0,0,0,0
Nordeste,PI,17/03/2020,0,0,0,0
Nordeste,PI,18/03/2020,0,0,0,0
Nordeste,PI,19/03/2020,0,0,0,0
Nordeste,PI,20/03/2020,3,3,0,0
Nordeste,PI,21/03/2020,1,4,0,0
Nordeste,PI,22/03/2020,0,4,0,0
Nordeste,PI,23/03/2020,2,6,0,0
Nordeste,PI,24/03/2020,0,6,0,0
Nordeste,PI,25/03/2020,2,8,0,0
Nordeste,PI,26/03/2020,1,9,0,0
Nordeste,PI,27/03/2020,0,9,0,0
Nordeste,PI,28/03/2020,2,11,1,1
Nordeste,PI,29/03/2020,3,14,0,1
Nordeste,PI,30/03/2020,2,16,2,3
Nordeste,PI,31/03/2020,2,18,1,4
Nordeste,PI,01/04/2020,0,18,0,4
Nordeste,PI,02/04/2020,1,19,0,4
Nordeste,PI,03/04/2020,2,21,0,4
Nordeste,PI,04/04/2020,1,22,0,4
Nordeste,PI,05/04/2020,1,23,0,4
Nordeste,CE,30/01/2020,0,0,0,0
Nordeste,CE,31/01/2020,0,0,0,0
Nordeste,CE,01/02/2020,0,0,0,0
Nordeste,CE,02/02/2020,0,0,0,0
Nordeste,CE,03/02/2020,0,0,0,0
Nordeste,CE,04/02/2020,0,0,0,0
Nordeste,CE,05/02/2020,0,0,0,0
Nordeste,CE,06/02/2020,0,0,0,0
Nordeste,CE,07/02/2020,0,0,0,0
Nordeste,CE,08/02/2020,0,0,0,0
Nordeste,CE,09/02/2020,0,0,0,0
Nordeste,CE,10/02/2020,0,0,0,0
Nordeste,CE,11/02/2020,0,0,0,0
Nordeste,CE,12/02/2020,0,0,0,0
Nordeste,CE,13/02/2020,0,0,0,0
Nordeste,CE,14/02/2020,0,0,0,0
Nordeste,CE,15/02/2020,0,0,0,0
Nordeste,CE,16/02/2020,0,0,0,0
Nordeste,CE,17/02/2020,0,0,0,0
Nordeste,CE,18/02/2020,0,0,0,0
Nordeste,CE,19/02/2020,0,0,0,0
Nordeste,CE,20/02/2020,0,0,0,0
Nordeste,CE,21/02/2020,0,0,0,0
Nordeste,CE,22/02/2020,0,0,0,0
Nordeste,CE,23/02/2020,0,0,0,0
Nordeste,CE,24/02/2020,0,0,0,0
Nordeste,CE,25/02/2020,0,0,0,0
Nordeste,CE,26/02/2020,0,0,0,0
Nordeste,CE,27/02/2020,0,0,0,0
Nordeste,CE,28/02/2020,0,0,0,0
Nordeste,CE,29/02/2020,0,0,0,0
Nordeste,CE,01/03/2020,0,0,0,0
Nordeste,CE,02/03/2020,0,0,0,0
Nordeste,CE,03/03/2020,0,0,0,0
Nordeste,CE,04/03/2020,0,0,0,0
Nordeste,CE,05/03/2020,0,0,0,0
Nordeste,CE,06/03/2020,0,0,0,0
Nordeste,CE,07/03/2020,0,0,0,0
Nordeste,CE,08/03/2020,0,0,0,0
Nordeste,CE,09/03/2020,0,0,0,0
Nordeste,CE,10/03/2020,0,0,0,0
Nordeste,CE,11/03/2020,0,0,0,0
Nordeste,CE,12/03/2020,0,0,0,0
Nordeste,CE,13/03/2020,0,0,0,0
Nordeste,CE,14/03/2020,0,0,0,0
Nordeste,CE,15/03/2020,0,0,0,0
Nordeste,CE,16/03/2020,0,0,0,0
Nordeste,CE,17/03/2020,5,5,0,0
Nordeste,CE,18/03/2020,4,9,0,0
Nordeste,CE,19/03/2020,11,20,0,0
Nordeste,CE,20/03/2020,35,55,0,0
Nordeste,CE,21/03/2020,13,68,0,0
Nordeste,CE,22/03/2020,44,112,0,0
Nordeste,CE,23/03/2020,51,163,0,0
Nordeste,CE,24/03/2020,19,182,0,0
Nordeste,CE,25/03/2020,18,200,0,0
Nordeste,CE,26/03/2020,35,235,3,3
Nordeste,CE,27/03/2020,47,282,0,3
Nordeste,CE,28/03/2020,32,314,1,4
Nordeste,CE,29/03/2020,34,348,1,5
Nordeste,CE,30/03/2020,24,372,0,5
Nordeste,CE,31/03/2020,18,390,2,7
Nordeste,CE,01/04/2020,54,444,1,8
Nordeste,CE,02/04/2020,106,550,12,20
Nordeste,CE,03/04/2020,77,627,2,22
Nordeste,CE,04/04/2020,103,730,0,22
Nordeste,CE,05/04/2020,93,823,4,26
Nordeste,RN,30/01/2020,0,0,0,0
Nordeste,RN,31/01/2020,0,0,0,0
Nordeste,RN,01/02/2020,0,0,0,0
Nordeste,RN,02/02/2020,0,0,0,0
Nordeste,RN,03/02/2020,0,0,0,0
Nordeste,RN,04/02/2020,0,0,0,0
Nordeste,RN,05/02/2020,0,0,0,0
Nordeste,RN,06/02/2020,0,0,0,0
Nordeste,RN,07/02/2020,0,0,0,0
Nordeste,RN,08/02/2020,0,0,0,0
Nordeste,RN,09/02/2020,0,0,0,0
Nordeste,RN,10/02/2020,0,0,0,0
Nordeste,RN,11/02/2020,0,0,0,0
Nordeste,RN,12/02/2020,0,0,0,0
Nordeste,RN,13/02/2020,0,0,0,0
Nordeste,RN,14/02/2020,0,0,0,0
Nordeste,RN,15/02/2020,0,0,0,0
Nordeste,RN,16/02/2020,0,0,0,0
Nordeste,RN,17/02/2020,0,0,0,0
Nordeste,RN,18/02/2020,0,0,0,0
Nordeste,RN,19/02/2020,0,0,0,0
Nordeste,RN,20/02/2020,0,0,0,0
Nordeste,RN,21/02/2020,0,0,0,0
Nordeste,RN,22/02/2020,0,0,0,0
Nordeste,RN,23/02/2020,0,0,0,0
Nordeste,RN,24/02/2020,0,0,0,0
Nordeste,RN,25/02/2020,0,0,0,0
Nordeste,RN,26/02/2020,0,0,0,0
Nordeste,RN,27/02/2020,0,0,0,0
Nordeste,RN,28/02/2020,0,0,0,0
Nordeste,RN,29/02/2020,0,0,0,0
Nordeste,RN,01/03/2020,0,0,0,0
Nordeste,RN,02/03/2020,0,0,0,0
Nordeste,RN,03/03/2020,0,0,0,0
Nordeste,RN,04/03/2020,0,0,0,0
Nordeste,RN,05/03/2020,0,0,0,0
Nordeste,RN,06/03/2020,0,0,0,0
Nordeste,RN,07/03/2020,0,0,0,0
Nordeste,RN,08/03/2020,0,0,0,0
Nordeste,RN,09/03/2020,0,0,0,0
Nordeste,RN,10/03/2020,0,0,0,0
Nordeste,RN,11/03/2020,0,0,0,0
Nordeste,RN,12/03/2020,0,0,0,0
Nordeste,RN,13/03/2020,1,1,0,0
Nordeste,RN,14/03/2020,0,1,0,0
Nordeste,RN,15/03/2020,0,1,0,0
Nordeste,RN,16/03/2020,0,1,0,0
Nordeste,RN,17/03/2020,0,1,0,0
Nordeste,RN,18/03/2020,0,1,0,0
Nordeste,RN,19/03/2020,0,1,0,0
Nordeste,RN,20/03/2020,0,1,0,0
Nordeste,RN,21/03/2020,5,6,0,0
Nordeste,RN,22/03/2020,3,9,0,0
Nordeste,RN,23/03/2020,4,13,0,0
Nordeste,RN,24/03/2020,0,13,0,0
Nordeste,RN,25/03/2020,1,14,0,0
Nordeste,RN,26/03/2020,5,19,0,0
Nordeste,RN,27/03/2020,9,28,0,0
Nordeste,RN,28/03/2020,17,45,0,0
Nordeste,RN,29/03/2020,23,68,1,1
Nordeste,RN,30/03/2020,9,77,0,1
Nordeste,RN,31/03/2020,5,82,0,1
Nordeste,RN,01/04/2020,10,92,1,2
Nordeste,RN,02/04/2020,13,105,0,2
Nordeste,RN,03/04/2020,71,176,2,4
Nordeste,RN,04/04/2020,36,212,1,5
Nordeste,RN,05/04/2020,30,242,2,7
Nordeste,PB,30/01/2020,0,0,0,0
Nordeste,PB,31/01/2020,0,0,0,0
Nordeste,PB,01/02/2020,0,0,0,0
Nordeste,PB,02/02/2020,0,0,0,0
Nordeste,PB,03/02/2020,0,0,0,0
Nordeste,PB,04/02/2020,0,0,0,0
Nordeste,PB,05/02/2020,0,0,0,0
Nordeste,PB,06/02/2020,0,0,0,0
Nordeste,PB,07/02/2020,0,0,0,0
Nordeste,PB,08/02/2020,0,0,0,0
Nordeste,PB,09/02/2020,0,0,0,0
Nordeste,PB,10/02/2020,0,0,0,0
Nordeste,PB,11/02/2020,0,0,0,0
Nordeste,PB,12/02/2020,0,0,0,0
Nordeste,PB,13/02/2020,0,0,0,0
Nordeste,PB,14/02/2020,0,0,0,0
Nordeste,PB,15/02/2020,0,0,0,0
Nordeste,PB,16/02/2020,0,0,0,0
Nordeste,PB,17/02/2020,0,0,0,0
Nordeste,PB,18/02/2020,0,0,0,0
Nordeste,PB,19/02/2020,0,0,0,0
Nordeste,PB,20/02/2020,0,0,0,0
Nordeste,PB,21/02/2020,0,0,0,0
Nordeste,PB,22/02/2020,0,0,0,0
Nordeste,PB,23/02/2020,0,0,0,0
Nordeste,PB,24/02/2020,0,0,0,0
Nordeste,PB,25/02/2020,0,0,0,0
Nordeste,PB,26/02/2020,0,0,0,0
Nordeste,PB,27/02/2020,0,0,0,0
Nordeste,PB,28/02/2020,0,0,0,0
Nordeste,PB,29/02/2020,0,0,0,0
Nordeste,PB,01/03/2020,0,0,0,0
Nordeste,PB,02/03/2020,0,0,0,0
Nordeste,PB,03/03/2020,0,0,0,0
Nordeste,PB,04/03/2020,0,0,0,0
Nordeste,PB,05/03/2020,0,0,0,0
Nordeste,PB,06/03/2020,0,0,0,0
Nordeste,PB,07/03/2020,0,0,0,0
Nordeste,PB,08/03/2020,0,0,0,0
Nordeste,PB,09/03/2020,0,0,0,0
Nordeste,PB,10/03/2020,0,0,0,0
Nordeste,PB,11/03/2020,0,0,0,0
Nordeste,PB,12/03/2020,0,0,0,0
Nordeste,PB,13/03/2020,0,0,0,0
Nordeste,PB,14/03/2020,0,0,0,0
Nordeste,PB,15/03/2020,0,0,0,0
Nordeste,PB,16/03/2020,0,0,0,0
Nordeste,PB,17/03/2020,0,0,0,0
Nordeste,PB,18/03/2020,0,0,0,0
Nordeste,PB,19/03/2020,1,1,0,0
Nordeste,PB,20/03/2020,0,1,0,0
Nordeste,PB,21/03/2020,0,1,0,0
Nordeste,PB,22/03/2020,0,1,0,0
Nordeste,PB,23/03/2020,1,2,0,0
Nordeste,PB,24/03/2020,1,3,0,0
Nordeste,PB,25/03/2020,0,3,0,0
Nordeste,PB,26/03/2020,2,5,0,0
Nordeste,PB,27/03/2020,4,9,0,0
Nordeste,PB,28/03/2020,5,14,0,0
Nordeste,PB,29/03/2020,0,14,0,0
Nordeste,PB,30/03/2020,1,15,0,0
Nordeste,PB,31/03/2020,2,17,0,0
Nordeste,PB,01/04/2020,3,20,1,1
Nordeste,PB,02/04/2020,1,21,0,1
Nordeste,PB,03/04/2020,8,29,0,1
Nordeste,PB,04/04/2020,3,32,1,2
Nordeste,PB,05/04/2020,2,34,2,4
Nordeste,PE,30/01/2020,0,0,0,0
Nordeste,PE,31/01/2020,0,0,0,0
Nordeste,PE,01/02/2020,0,0,0,0
Nordeste,PE,02/02/2020,0,0,0,0
Nordeste,PE,03/02/2020,0,0,0,0
Nordeste,PE,04/02/2020,0,0,0,0
Nordeste,PE,05/02/2020,0,0,0,0
Nordeste,PE,06/02/2020,0,0,0,0
Nordeste,PE,07/02/2020,0,0,0,0
Nordeste,PE,08/02/2020,0,0,0,0
Nordeste,PE,09/02/2020,0,0,0,0
Nordeste,PE,10/02/2020,0,0,0,0
Nordeste,PE,11/02/2020,0,0,0,0
Nordeste,PE,12/02/2020,0,0,0,0
Nordeste,PE,13/02/2020,0,0,0,0
Nordeste,PE,14/02/2020,0,0,0,0
Nordeste,PE,15/02/2020,0,0,0,0
Nordeste,PE,16/02/2020,0,0,0,0
Nordeste,PE,17/02/2020,0,0,0,0
Nordeste,PE,18/02/2020,0,0,0,0
Nordeste,PE,19/02/2020,0,0,0,0
Nordeste,PE,20/02/2020,0,0,0,0
Nordeste,PE,21/02/2020,0,0,0,0
Nordeste,PE,22/02/2020,0,0,0,0
Nordeste,PE,23/02/2020,0,0,0,0
Nordeste,PE,24/02/2020,0,0,0,0
Nordeste,PE,25/02/2020,0,0,0,0
Nordeste,PE,26/02/2020,0,0,0,0
Nordeste,PE,27/02/2020,0,0,0,0
Nordeste,PE,28/02/2020,0,0,0,0
Nordeste,PE,29/02/2020,0,0,0,0
Nordeste,PE,01/03/2020,0,0,0,0
Nordeste,PE,02/03/2020,0,0,0,0
Nordeste,PE,03/03/2020,0,0,0,0
Nordeste,PE,04/03/2020,0,0,0,0
Nordeste,PE,05/03/2020,0,0,0,0
Nordeste,PE,06/03/2020,0,0,0,0
Nordeste,PE,07/03/2020,0,0,0,0
Nordeste,PE,08/03/2020,0,0,0,0
Nordeste,PE,09/03/2020,0,0,0,0
Nordeste,PE,10/03/2020,0,0,0,0
Nordeste,PE,11/03/2020,0,0,0,0
Nordeste,PE,12/03/2020,2,2,0,0
Nordeste,PE,13/03/2020,0,2,0,0
Nordeste,PE,14/03/2020,0,2,0,0
Nordeste,PE,15/03/2020,0,2,0,0
Nordeste,PE,16/03/2020,0,2,0,0
Nordeste,PE,17/03/2020,14,16,0,0
Nordeste,PE,18/03/2020,0,16,0,0
Nordeste,PE,19/03/2020,12,28,0,0
Nordeste,PE,20/03/2020,2,30,0,0
Nordeste,PE,21/03/2020,0,30,0,0
Nordeste,PE,22/03/2020,7,37,0,0
Nordeste,PE,23/03/2020,5,42,0,0
Nordeste,PE,24/03/2020,0,42,0,0
Nordeste,PE,25/03/2020,4,46,1,1
Nordeste,PE,26/03/2020,2,48,2,3
Nordeste,PE,27/03/2020,8,56,1,4
Nordeste,PE,28/03/2020,12,68,1,5
Nordeste,PE,29/03/2020,5,73,0,5
Nordeste,PE,30/03/2020,5,78,1,6
Nordeste,PE,31/03/2020,9,87,0,6
Nordeste,PE,01/04/2020,8,95,2,8
Nordeste,PE,02/04/2020,11,106,1,9
Nordeste,PE,03/04/2020,30,136,1,10
Nordeste,PE,04/04/2020,40,176,4,14
Nordeste,PE,05/04/2020,25,201,7,21
Nordeste,AL,30/01/2020,0,0,0,0
Nordeste,AL,31/01/2020,0,0,0,0
Nordeste,AL,01/02/2020,0,0,0,0
Nordeste,AL,02/02/2020,0,0,0,0
Nordeste,AL,03/02/2020,0,0,0,0
Nordeste,AL,04/02/2020,0,0,0,0
Nordeste,AL,05/02/2020,0,0,0,0
Nordeste,AL,06/02/2020,0,0,0,0
Nordeste,AL,07/02/2020,0,0,0,0
Nordeste,AL,08/02/2020,0,0,0,0
Nordeste,AL,09/02/2020,0,0,0,0
Nordeste,AL,10/02/2020,0,0,0,0
Nordeste,AL,11/02/2020,0,0,0,0
Nordeste,AL,12/02/2020,0,0,0,0
Nordeste,AL,13/02/2020,0,0,0,0
Nordeste,AL,14/02/2020,0,0,0,0
Nordeste,AL,15/02/2020,0,0,0,0
Nordeste,AL,16/02/2020,0,0,0,0
Nordeste,AL,17/02/2020,0,0,0,0
Nordeste,AL,18/02/2020,0,0,0,0
Nordeste,AL,19/02/2020,0,0,0,0
Nordeste,AL,20/02/2020,0,0,0,0
Nordeste,AL,21/02/2020,0,0,0,0
Nordeste,AL,22/02/2020,0,0,0,0
Nordeste,AL,23/02/2020,0,0,0,0
Nordeste,AL,24/02/2020,0,0,0,0
Nordeste,AL,25/02/2020,0,0,0,0
Nordeste,AL,26/02/2020,0,0,0,0
Nordeste,AL,27/02/2020,0,0,0,0
Nordeste,AL,28/02/2020,0,0,0,0
Nordeste,AL,29/02/2020,0,0,0,0
Nordeste,AL,01/03/2020,0,0,0,0
Nordeste,AL,02/03/2020,0,0,0,0
Nordeste,AL,03/03/2020,0,0,0,0
Nordeste,AL,04/03/2020,0,0,0,0
Nordeste,AL,05/03/2020,0,0,0,0
Nordeste,AL,06/03/2020,0,0,0,0
Nordeste,AL,07/03/2020,0,0,0,0
Nordeste,AL,08/03/2020,1,1,0,0
Nordeste,AL,09/03/2020,0,1,0,0
Nordeste,AL,10/03/2020,0,1,0,0
Nordeste,AL,11/03/2020,0,1,0,0
Nordeste,AL,12/03/2020,0,1,0,0
Nordeste,AL,13/03/2020,0,1,0,0
Nordeste,AL,14/03/2020,0,1,0,0
Nordeste,AL,15/03/2020,0,1,0,0
Nordeste,AL,16/03/2020,0,1,0,0
Nordeste,AL,17/03/2020,0,1,0,0
Nordeste,AL,18/03/2020,0,1,0,0
Nordeste,AL,19/03/2020,3,4,0,0
Nordeste,AL,20/03/2020,1,5,0,0
Nordeste,AL,21/03/2020,2,7,0,0
Nordeste,AL,22/03/2020,0,7,0,0
Nordeste,AL,23/03/2020,0,7,0,0
Nordeste,AL,24/03/2020,2,9,0,0
Nordeste,AL,25/03/2020,2,11,0,0
Nordeste,AL,26/03/2020,0,11,0,0
Nordeste,AL,27/03/2020,0,11,0,0
Nordeste,AL,28/03/2020,3,14,0,0
Nordeste,AL,29/03/2020,3,17,0,0
Nordeste,AL,30/03/2020,0,17,0,0
Nordeste,AL,31/03/2020,1,18,1,1
Nordeste,AL,01/04/2020,0,18,0,1
Nordeste,AL,02/04/2020,0,18,0,1
Nordeste,AL,03/04/2020,4,22,1,2
Nordeste,AL,04/04/2020,1,23,0,2
Nordeste,AL,05/04/2020,5,28,0,2
Nordeste,SE,30/01/2020,0,0,0,0
Nordeste,SE,31/01/2020,0,0,0,0
Nordeste,SE,01/02/2020,0,0,0,0
Nordeste,SE,02/02/2020,0,0,0,0
Nordeste,SE,03/02/2020,0,0,0,0
Nordeste,SE,04/02/2020,0,0,0,0
Nordeste,SE,05/02/2020,0,0,0,0
Nordeste,SE,06/02/2020,0,0,0,0
Nordeste,SE,07/02/2020,0,0,0,0
Nordeste,SE,08/02/2020,0,0,0,0
Nordeste,SE,09/02/2020,0,0,0,0
Nordeste,SE,10/02/2020,0,0,0,0
Nordeste,SE,11/02/2020,0,0,0,0
Nordeste,SE,12/02/2020,0,0,0,0
Nordeste,SE,13/02/2020,0,0,0,0
Nordeste,SE,14/02/2020,0,0,0,0
Nordeste,SE,15/02/2020,0,0,0,0
Nordeste,SE,16/02/2020,0,0,0,0
Nordeste,SE,17/02/2020,0,0,0,0
Nordeste,SE,18/02/2020,0,0,0,0
Nordeste,SE,19/02/2020,0,0,0,0
Nordeste,SE,20/02/2020,0,0,0,0
Nordeste,SE,21/02/2020,0,0,0,0
Nordeste,SE,22/02/2020,0,0,0,0
Nordeste,SE,23/02/2020,0,0,0,0
Nordeste,SE,24/02/2020,0,0,0,0
Nordeste,SE,25/02/2020,0,0,0,0
Nordeste,SE,26/02/2020,0,0,0,0
Nordeste,SE,27/02/2020,0,0,0,0
Nordeste,SE,28/02/2020,0,0,0,0
Nordeste,SE,29/02/2020,0,0,0,0
Nordeste,SE,01/03/2020,0,0,0,0
Nordeste,SE,02/03/2020,0,0,0,0
Nordeste,SE,03/03/2020,0,0,0,0
Nordeste,SE,04/03/2020,0,0,0,0
Nordeste,SE,05/03/2020,0,0,0,0
Nordeste,SE,06/03/2020,0,0,0,0
Nordeste,SE,07/03/2020,0,0,0,0
Nordeste,SE,08/03/2020,0,0,0,0
Nordeste,SE,09/03/2020,0,0,0,0
Nordeste,SE,10/03/2020,0,0,0,0
Nordeste,SE,11/03/2020,0,0,0,0
Nordeste,SE,12/03/2020,0,0,0,0
Nordeste,SE,13/03/2020,0,0,0,0
Nordeste,SE,14/03/2020,0,0,0,0
Nordeste,SE,15/03/2020,1,1,0,0
Nordeste,SE,16/03/2020,0,1,0,0
Nordeste,SE,17/03/2020,3,4,0,0
Nordeste,SE,18/03/2020,1,5,0,0
Nordeste,SE,19/03/2020,1,6,0,0
Nordeste,SE,20/03/2020,0,6,0,0
Nordeste,SE,21/03/2020,4,10,0,0
Nordeste,SE,22/03/2020,0,10,0,0
Nordeste,SE,23/03/2020,0,10,0,0
Nordeste,SE,24/03/2020,5,15,0,0
Nordeste,SE,25/03/2020,1,16,0,0
Nordeste,SE,26/03/2020,0,16,0,0
Nordeste,SE,27/03/2020,0,16,0,0
Nordeste,SE,28/03/2020,0,16,0,0
Nordeste,SE,29/03/2020,0,16,0,0
Nordeste,SE,30/03/2020,0,16,0,0
Nordeste,SE,31/03/2020,3,19,0,0
Nordeste,SE,01/04/2020,1,20,0,0
Nordeste,SE,02/04/2020,3,23,2,2
Nordeste,SE,03/04/2020,2,25,0,2
Nordeste,SE,04/04/2020,2,27,0,2
Nordeste,SE,05/04/2020,5,32,1,3
Nordeste,BA,30/01/2020,0,0,0,0
Nordeste,BA,31/01/2020,0,0,0,0
Nordeste,BA,01/02/2020,0,0,0,0
Nordeste,BA,02/02/2020,0,0,0,0
Nordeste,BA,03/02/2020,0,0,0,0
Nordeste,BA,04/02/2020,0,0,0,0
Nordeste,BA,05/02/2020,0,0,0,0
Nordeste,BA,06/02/2020,0,0,0,0
Nordeste,BA,07/02/2020,0,0,0,0
Nordeste,BA,08/02/2020,0,0,0,0
Nordeste,BA,09/02/2020,0,0,0,0
Nordeste,BA,10/02/2020,0,0,0,0
Nordeste,BA,11/02/2020,0,0,0,0
Nordeste,BA,12/02/2020,0,0,0,0
Nordeste,BA,13/02/2020,0,0,0,0
Nordeste,BA,14/02/2020,0,0,0,0
Nordeste,BA,15/02/2020,0,0,0,0
Nordeste,BA,16/02/2020,0,0,0,0
Nordeste,BA,17/02/2020,0,0,0,0
Nordeste,BA,18/02/2020,0,0,0,0
Nordeste,BA,19/02/2020,0,0,0,0
Nordeste,BA,20/02/2020,0,0,0,0
Nordeste,BA,21/02/2020,0,0,0,0
Nordeste,BA,22/02/2020,0,0,0,0
Nordeste,BA,23/02/2020,0,0,0,0
Nordeste,BA,24/02/2020,0,0,0,0
Nordeste,BA,25/02/2020,0,0,0,0
Nordeste,BA,26/02/2020,0,0,0,0
Nordeste,BA,27/02/2020,0,0,0,0
Nordeste,BA,28/02/2020,0,0,0,0
Nordeste,BA,29/02/2020,0,0,0,0
Nordeste,BA,01/03/2020,0,0,0,0
Nordeste,BA,02/03/2020,0,0,0,0
Nordeste,BA,03/03/2020,0,0,0,0
Nordeste,BA,04/03/2020,0,0,0,0
Nordeste,BA,05/03/2020,0,0,0,0
Nordeste,BA,06/03/2020,1,1,0,0
Nordeste,BA,07/03/2020,1,2,0,0
Nordeste,BA,08/03/2020,0,2,0,0
Nordeste,BA,09/03/2020,0,2,0,0
Nordeste,BA,10/03/2020,0,2,0,0
Nordeste,BA,11/03/2020,0,2,0,0
Nordeste,BA,12/03/2020,0,2,0,0
Nordeste,BA,13/03/2020,0,2,0,0
Nordeste,BA,14/03/2020,0,2,0,0
Nordeste,BA,15/03/2020,0,2,0,0
Nordeste,BA,16/03/2020,0,2,0,0
Nordeste,BA,17/03/2020,1,3,0,0
Nordeste,BA,18/03/2020,0,3,0,0
Nordeste,BA,19/03/2020,27,30,0,0
Nordeste,BA,20/03/2020,3,33,0,0
Nordeste,BA,21/03/2020,8,41,0,0
Nordeste,BA,22/03/2020,8,49,0,0
Nordeste,BA,23/03/2020,14,63,0,0
Nordeste,BA,24/03/2020,13,76,0,0
Nordeste,BA,25/03/2020,8,84,0,0
Nordeste,BA,26/03/2020,20,104,0,0
Nordeste,BA,27/03/2020,11,115,0,0
Nordeste,BA,28/03/2020,12,127,0,0
Nordeste,BA,29/03/2020,27,154,1,1
Nordeste,BA,30/03/2020,22,176,0,1
Nordeste,BA,31/03/2020,37,213,1,2
Nordeste,BA,01/04/2020,33,246,0,2
Nordeste,BA,02/04/2020,21,267,1,3
Nordeste,BA,03/04/2020,15,282,2,5
Nordeste,BA,04/04/2020,50,332,2,7
Nordeste,BA,05/04/2020,69,401,2,9
Sudeste,MG,30/01/2020,0,0,0,0
Sudeste,MG,31/01/2020,0,0,0,0
Sudeste,MG,01/02/2020,0,0,0,0
Sudeste,MG,02/02/2020,0,0,0,0
Sudeste,MG,03/02/2020,0,0,0,0
Sudeste,MG,04/02/2020,0,0,0,0
Sudeste,MG,05/02/2020,0,0,0,0
Sudeste,MG,06/02/2020,0,0,0,0
Sudeste,MG,07/02/2020,0,0,0,0
Sudeste,MG,08/02/2020,0,0,0,0
Sudeste,MG,09/02/2020,0,0,0,0
Sudeste,MG,10/02/2020,0,0,0,0
Sudeste,MG,11/02/2020,0,0,0,0
Sudeste,MG,12/02/2020,0,0,0,0
Sudeste,MG,13/02/2020,0,0,0,0
Sudeste,MG,14/02/2020,0,0,0,0
Sudeste,MG,15/02/2020,0,0,0,0
Sudeste,MG,16/02/2020,0,0,0,0
Sudeste,MG,17/02/2020,0,0,0,0
Sudeste,MG,18/02/2020,0,0,0,0
Sudeste,MG,19/02/2020,0,0,0,0
Sudeste,MG,20/02/2020,0,0,0,0
Sudeste,MG,21/02/2020,0,0,0,0
Sudeste,MG,22/02/2020,0,0,0,0
Sudeste,MG,23/02/2020,0,0,0,0
Sudeste,MG,24/02/2020,0,0,0,0
Sudeste,MG,25/02/2020,0,0,0,0
Sudeste,MG,26/02/2020,0,0,0,0
Sudeste,MG,27/02/2020,0,0,0,0
Sudeste,MG,28/02/2020,0,0,0,0
Sudeste,MG,29/02/2020,0,0,0,0
Sudeste,MG,01/03/2020,0,0,0,0
Sudeste,MG,02/03/2020,0,0,0,0
Sudeste,MG,03/03/2020,0,0,0,0
Sudeste,MG,04/03/2020,0,0,0,0
Sudeste,MG,05/03/2020,0,0,0,0
Sudeste,MG,06/03/2020,0,0,0,0
Sudeste,MG,07/03/2020,0,0,0,0
Sudeste,MG,08/03/2020,1,1,0,0
Sudeste,MG,09/03/2020,0,1,0,0
Sudeste,MG,10/03/2020,0,1,0,0
Sudeste,MG,11/03/2020,0,1,0,0
Sudeste,MG,12/03/2020,0,1,0,0
Sudeste,MG,13/03/2020,1,2,0,0
Sudeste,MG,14/03/2020,0,2,0,0
Sudeste,MG,15/03/2020,0,2,0,0
Sudeste,MG,16/03/2020,3,5,0,0
Sudeste,MG,17/03/2020,2,7,0,0
Sudeste,MG,18/03/2020,8,15,0,0
Sudeste,MG,19/03/2020,14,29,0,0
Sudeste,MG,20/03/2020,6,35,0,0
Sudeste,MG,21/03/2020,3,38,0,0
Sudeste,MG,22/03/2020,45,83,0,0
Sudeste,MG,23/03/2020,45,128,0,0
Sudeste,MG,24/03/2020,2,130,0,0
Sudeste,MG,25/03/2020,3,133,0,0
Sudeste,MG,26/03/2020,20,153,0,0
Sudeste,MG,27/03/2020,36,189,0,0
Sudeste,MG,28/03/2020,16,205,0,0
Sudeste,MG,29/03/2020,26,231,0,0
Sudeste,MG,30/03/2020,30,261,1,1
Sudeste,MG,31/03/2020,14,275,1,2
Sudeste,MG,01/04/2020,39,314,1,3
Sudeste,MG,02/04/2020,56,370,1,4
Sudeste,MG,03/04/2020,27,397,2,6
Sudeste,MG,04/04/2020,33,430,0,6
Sudeste,MG,05/04/2020,68,498,0,6
Sudeste,ES,30/01/2020,0,0,0,0
Sudeste,ES,31/01/2020,0,0,0,0
Sudeste,ES,01/02/2020,0,0,0,0
Sudeste,ES,02/02/2020,0,0,0,0
Sudeste,ES,03/02/2020,0,0,0,0
Sudeste,ES,04/02/2020,0,0,0,0
Sudeste,ES,05/02/2020,0,0,0,0
Sudeste,ES,06/02/2020,0,0,0,0
Sudeste,ES,07/02/2020,0,0,0,0
Sudeste,ES,08/02/2020,0,0,0,0
Sudeste,ES,09/02/2020,0,0,0,0
Sudeste,ES,10/02/2020,0,0,0,0
Sudeste,ES,11/02/2020,0,0,0,0
Sudeste,ES,12/02/2020,0,0,0,0
Sudeste,ES,13/02/2020,0,0,0,0
Sudeste,ES,14/02/2020,0,0,0,0
Sudeste,ES,15/02/2020,0,0,0,0
Sudeste,ES,16/02/2020,0,0,0,0
Sudeste,ES,17/02/2020,0,0,0,0
Sudeste,ES,18/02/2020,0,0,0,0
Sudeste,ES,19/02/2020,0,0,0,0
Sudeste,ES,20/02/2020,0,0,0,0
Sudeste,ES,21/02/2020,0,0,0,0
Sudeste,ES,22/02/2020,0,0,0,0
Sudeste,ES,23/02/2020,0,0,0,0
Sudeste,ES,24/02/2020,0,0,0,0
Sudeste,ES,25/02/2020,0,0,0,0
Sudeste,ES,26/02/2020,0,0,0,0
Sudeste,ES,27/02/2020,0,0,0,0
Sudeste,ES,28/02/2020,0,0,0,0
Sudeste,ES,29/02/2020,0,0,0,0
Sudeste,ES,01/03/2020,0,0,0,0
Sudeste,ES,02/03/2020,0,0,0,0
Sudeste,ES,03/03/2020,0,0,0,0
Sudeste,ES,04/03/2020,0,0,0,0
Sudeste,ES,05/03/2020,0,0,0,0
Sudeste,ES,06/03/2020,1,1,0,0
Sudeste,ES,07/03/2020,0,1,0,0
Sudeste,ES,08/03/2020,0,1,0,0
Sudeste,ES,09/03/2020,0,1,0,0
Sudeste,ES,10/03/2020,0,1,0,0
Sudeste,ES,11/03/2020,0,1,0,0
Sudeste,ES,12/03/2020,0,1,0,0
Sudeste,ES,13/03/2020,0,1,0,0
Sudeste,ES,14/03/2020,0,1,0,0
Sudeste,ES,15/03/2020,0,1,0,0
Sudeste,ES,16/03/2020,0,1,0,0
Sudeste,ES,17/03/2020,0,1,0,0
Sudeste,ES,18/03/2020,8,9,0,0
Sudeste,ES,19/03/2020,2,11,0,0
Sudeste,ES,20/03/2020,2,13,0,0
Sudeste,ES,21/03/2020,13,26,0,0
Sudeste,ES,22/03/2020,0,26,0,0
Sudeste,ES,23/03/2020,3,29,0,0
Sudeste,ES,24/03/2020,4,33,0,0
Sudeste,ES,25/03/2020,6,39,0,0
Sudeste,ES,26/03/2020,0,39,0,0
Sudeste,ES,27/03/2020,8,47,0,0
Sudeste,ES,28/03/2020,6,53,0,0
Sudeste,ES,29/03/2020,7,60,0,0
Sudeste,ES,30/03/2020,12,72,0,0
Sudeste,ES,31/03/2020,12,84,0,0
Sudeste,ES,01/04/2020,12,96,0,0
Sudeste,ES,02/04/2020,24,120,1,1
Sudeste,ES,03/04/2020,19,139,3,4
Sudeste,ES,04/04/2020,14,153,1,5
Sudeste,ES,05/04/2020,13,166,1,6
Sudeste,RJ,30/01/2020,0,0,0,0
Sudeste,RJ,31/01/2020,0,0,0,0
Sudeste,RJ,01/02/2020,0,0,0,0
Sudeste,RJ,02/02/2020,0,0,0,0
Sudeste,RJ,03/02/2020,0,0,0,0
Sudeste,RJ,04/02/2020,0,0,0,0
Sudeste,RJ,05/02/2020,0,0,0,0
Sudeste,RJ,06/02/2020,0,0,0,0
Sudeste,RJ,07/02/2020,0,0,0,0
Sudeste,RJ,08/02/2020,0,0,0,0
Sudeste,RJ,09/02/2020,0,0,0,0
Sudeste,RJ,10/02/2020,0,0,0,0
Sudeste,RJ,11/02/2020,0,0,0,0
Sudeste,RJ,12/02/2020,0,0,0,0
Sudeste,RJ,13/02/2020,0,0,0,0
Sudeste,RJ,14/02/2020,0,0,0,0
Sudeste,RJ,15/02/2020,0,0,0,0
Sudeste,RJ,16/02/2020,0,0,0,0
Sudeste,RJ,17/02/2020,0,0,0,0
Sudeste,RJ,18/02/2020,0,0,0,0
Sudeste,RJ,19/02/2020,0,0,0,0
Sudeste,RJ,20/02/2020,0,0,0,0
Sudeste,RJ,21/02/2020,0,0,0,0
Sudeste,RJ,22/02/2020,0,0,0,0
Sudeste,RJ,23/02/2020,0,0,0,0
Sudeste,RJ,24/02/2020,0,0,0,0
Sudeste,RJ,25/02/2020,0,0,0,0
Sudeste,RJ,26/02/2020,0,0,0,0
Sudeste,RJ,27/02/2020,0,0,0,0
Sudeste,RJ,28/02/2020,0,0,0,0
Sudeste,RJ,29/02/2020,0,0,0,0
Sudeste,RJ,01/03/2020,0,0,0,0
Sudeste,RJ,02/03/2020,0,0,0,0
Sudeste,RJ,03/03/2020,0,0,0,0
Sudeste,RJ,04/03/2020,0,0,0,0
Sudeste,RJ,05/03/2020,1,1,0,0
Sudeste,RJ,06/03/2020,0,1,0,0
Sudeste,RJ,07/03/2020,1,2,0,0
Sudeste,RJ,08/03/2020,1,3,0,0
Sudeste,RJ,09/03/2020,0,3,0,0
Sudeste,RJ,10/03/2020,5,8,0,0
Sudeste,RJ,11/03/2020,5,13,0,0
Sudeste,RJ,12/03/2020,3,16,0,0
Sudeste,RJ,13/03/2020,0,16,0,0
Sudeste,RJ,14/03/2020,6,22,0,0
Sudeste,RJ,15/03/2020,2,24,0,0
Sudeste,RJ,16/03/2020,7,31,0,0
Sudeste,RJ,17/03/2020,2,33,0,0
Sudeste,RJ,18/03/2020,12,45,0,0
Sudeste,RJ,19/03/2020,20,65,2,2
Sudeste,RJ,20/03/2020,44,109,0,2
Sudeste,RJ,21/03/2020,10,119,1,3
Sudeste,RJ,22/03/2020,67,186,0,3
Sudeste,RJ,23/03/2020,47,233,1,4
Sudeste,RJ,24/03/2020,72,305,2,6
Sudeste,RJ,25/03/2020,65,370,0,6
Sudeste,RJ,26/03/2020,51,421,3,9
Sudeste,RJ,27/03/2020,72,493,1,10
Sudeste,RJ,28/03/2020,65,558,3,13
Sudeste,RJ,29/03/2020,42,600,4,17
Sudeste,RJ,30/03/2020,57,657,1,18
Sudeste,RJ,31/03/2020,51,708,5,23
Sudeste,RJ,01/04/2020,124,832,5,28
Sudeste,RJ,02/04/2020,160,992,13,41
Sudeste,RJ,03/04/2020,82,1074,6,47
Sudeste,RJ,04/04/2020,172,1246,11,58
Sudeste,RJ,05/04/2020,148,1394,6,64
Sudeste,SP,30/01/2020,0,0,0,0
Sudeste,SP,31/01/2020,0,0,0,0
Sudeste,SP,01/02/2020,0,0,0,0
Sudeste,SP,02/02/2020,0,0,0,0
Sudeste,SP,03/02/2020,0,0,0,0
Sudeste,SP,04/02/2020,0,0,0,0
Sudeste,SP,05/02/2020,0,0,0,0
Sudeste,SP,06/02/2020,0,0,0,0
Sudeste,SP,07/02/2020,0,0,0,0
Sudeste,SP,08/02/2020,0,0,0,0
Sudeste,SP,09/02/2020,0,0,0,0
Sudeste,SP,10/02/2020,0,0,0,0
Sudeste,SP,11/02/2020,0,0,0,0
Sudeste,SP,12/02/2020,0,0,0,0
Sudeste,SP,13/02/2020,0,0,0,0
Sudeste,SP,14/02/2020,0,0,0,0
Sudeste,SP,15/02/2020,0,0,0,0
Sudeste,SP,16/02/2020,0,0,0,0
Sudeste,SP,17/02/2020,0,0,0,0
Sudeste,SP,18/02/2020,0,0,0,0
Sudeste,SP,19/02/2020,0,0,0,0
Sudeste,SP,20/02/2020,0,0,0,0
Sudeste,SP,21/02/2020,0,0,0,0
Sudeste,SP,22/02/2020,0,0,0,0
Sudeste,SP,23/02/2020,0,0,0,0
Sudeste,SP,24/02/2020,0,0,0,0
Sudeste,SP,25/02/2020,0,0,0,0
Sudeste,SP,26/02/2020,1,1,0,0
Sudeste,SP,27/02/2020,0,1,0,0
Sudeste,SP,28/02/2020,0,1,0,0
Sudeste,SP,29/02/2020,1,2,0,0
Sudeste,SP,01/03/2020,0,2,0,0
Sudeste,SP,02/03/2020,0,2,0,0
Sudeste,SP,03/03/2020,0,2,0,0
Sudeste,SP,04/03/2020,1,3,0,0
Sudeste,SP,05/03/2020,3,6,0,0
Sudeste,SP,06/03/2020,4,10,0,0
Sudeste,SP,07/03/2020,3,13,0,0
Sudeste,SP,08/03/2020,3,16,0,0
Sudeste,SP,09/03/2020,0,16,0,0
Sudeste,SP,10/03/2020,3,19,0,0
Sudeste,SP,11/03/2020,11,30,0,0
Sudeste,SP,12/03/2020,12,42,0,0
Sudeste,SP,13/03/2020,14,56,0,0
Sudeste,SP,14/03/2020,9,65,0,0
Sudeste,SP,15/03/2020,71,136,0,0
Sudeste,SP,16/03/2020,16,152,0,0
Sudeste,SP,17/03/2020,12,164,1,1
Sudeste,SP,18/03/2020,76,240,3,4
Sudeste,SP,19/03/2020,46,286,0,4
Sudeste,SP,20/03/2020,110,396,5,9
Sudeste,SP,21/03/2020,63,459,6,15
Sudeste,SP,22/03/2020,172,631,7,22
Sudeste,SP,23/03/2020,114,745,8,30
Sudeste,SP,24/03/2020,65,810,10,40
Sudeste,SP,25/03/2020,52,862,8,48
Sudeste,SP,26/03/2020,190,1052,10,58
Sudeste,SP,27/03/2020,171,1223,10,68
Sudeste,SP,28/03/2020,183,1406,16,84
Sudeste,SP,29/03/2020,45,1451,14,98
Sudeste,SP,30/03/2020,66,1517,15,113
Sudeste,SP,31/03/2020,822,2339,23,136
Sudeste,SP,01/04/2020,642,2981,28,164
Sudeste,SP,02/04/2020,525,3506,24,188
Sudeste,SP,03/04/2020,542,4048,31,219
Sudeste,SP,04/04/2020,418,4466,41,260
Sudeste,SP,05/04/2020,154,4620,15,275
Sul,PR,30/01/2020,0,0,0,0
Sul,PR,31/01/2020,0,0,0,0
Sul,PR,01/02/2020,0,0,0,0
Sul,PR,02/02/2020,0,0,0,0
Sul,PR,03/02/2020,0,0,0,0
Sul,PR,04/02/2020,0,0,0,0
Sul,PR,05/02/2020,0,0,0,0
Sul,PR,06/02/2020,0,0,0,0
Sul,PR,07/02/2020,0,0,0,0
Sul,PR,08/02/2020,0,0,0,0
Sul,PR,09/02/2020,0,0,0,0
Sul,PR,10/02/2020,0,0,0,0
Sul,PR,11/02/2020,0,0,0,0
Sul,PR,12/02/2020,0,0,0,0
Sul,PR,13/02/2020,0,0,0,0
Sul,PR,14/02/2020,0,0,0,0
Sul,PR,15/02/2020,0,0,0,0
Sul,PR,16/02/2020,0,0,0,0
Sul,PR,17/02/2020,0,0,0,0
Sul,PR,18/02/2020,0,0,0,0
Sul,PR,19/02/2020,0,0,0,0
Sul,PR,20/02/2020,0,0,0,0
Sul,PR,21/02/2020,0,0,0,0
Sul,PR,22/02/2020,0,0,0,0
Sul,PR,23/02/2020,0,0,0,0
Sul,PR,24/02/2020,0,0,0,0
Sul,PR,25/02/2020,0,0,0,0
Sul,PR,26/02/2020,0,0,0,0
Sul,PR,27/02/2020,0,0,0,0
Sul,PR,28/02/2020,0,0,0,0
Sul,PR,29/02/2020,0,0,0,0
Sul,PR,01/03/2020,0,0,0,0
Sul,PR,02/03/2020,0,0,0,0
Sul,PR,03/03/2020,0,0,0,0
Sul,PR,04/03/2020,0,0,0,0
Sul,PR,05/03/2020,0,0,0,0
Sul,PR,06/03/2020,0,0,0,0
Sul,PR,07/03/2020,0,0,0,0
Sul,PR,08/03/2020,0,0,0,0
Sul,PR,09/03/2020,0,0,0,0
Sul,PR,10/03/2020,0,0,0,0
Sul,PR,11/03/2020,0,0,0,0
Sul,PR,12/03/2020,6,6,0,0
Sul,PR,13/03/2020,0,6,0,0
Sul,PR,14/03/2020,0,6,0,0
Sul,PR,15/03/2020,0,6,0,0
Sul,PR,16/03/2020,0,6,0,0
Sul,PR,17/03/2020,0,6,0,0
Sul,PR,18/03/2020,7,13,0,0
Sul,PR,19/03/2020,10,23,0,0
Sul,PR,20/03/2020,9,32,0,0
Sul,PR,21/03/2020,11,43,0,0
Sul,PR,22/03/2020,7,50,0,0
Sul,PR,23/03/2020,6,56,0,0
Sul,PR,24/03/2020,9,65,0,0
Sul,PR,25/03/2020,16,81,0,0
Sul,PR,26/03/2020,21,102,0,0
Sul,PR,27/03/2020,17,119,2,2
Sul,PR,28/03/2020,14,133,0,2
Sul,PR,29/03/2020,15,148,0,2
Sul,PR,30/03/2020,7,155,1,3
Sul,PR,31/03/2020,24,179,0,3
Sul,PR,01/04/2020,45,224,0,3
Sul,PR,02/04/2020,28,252,1,4
Sul,PR,03/04/2020,49,301,0,4
Sul,PR,04/04/2020,94,395,2,6
Sul,PR,05/04/2020,43,438,3,9
Sul,SC,30/01/2020,0,0,0,0
Sul,SC,31/01/2020,0,0,0,0
Sul,SC,01/02/2020,0,0,0,0
Sul,SC,02/02/2020,0,0,0,0
Sul,SC,03/02/2020,0,0,0,0
Sul,SC,04/02/2020,0,0,0,0
Sul,SC,05/02/2020,0,0,0,0
Sul,SC,06/02/2020,0,0,0,0
Sul,SC,07/02/2020,0,0,0,0
Sul,SC,08/02/2020,0,0,0,0
Sul,SC,09/02/2020,0,0,0,0
Sul,SC,10/02/2020,0,0,0,0
Sul,SC,11/02/2020,0,0,0,0
Sul,SC,12/02/2020,0,0,0,0
Sul,SC,13/02/2020,0,0,0,0
Sul,SC,14/02/2020,0,0,0,0
Sul,SC,15/02/2020,0,0,0,0
Sul,SC,16/02/2020,0,0,0,0
Sul,SC,17/02/2020,0,0,0,0
Sul,SC,18/02/2020,0,0,0,0
Sul,SC,19/02/2020,0,0,0,0
Sul,SC,20/02/2020,0,0,0,0
Sul,SC,21/02/2020,0,0,0,0
Sul,SC,22/02/2020,0,0,0,0
Sul,SC,23/02/2020,0,0,0,0
Sul,SC,24/02/2020,0,0,0,0
Sul,SC,25/02/2020,0,0,0,0
Sul,SC,26/02/2020,0,0,0,0
Sul,SC,27/02/2020,0,0,0,0
Sul,SC,28/02/2020,0,0,0,0
Sul,SC,29/02/2020,0,0,0,0
Sul,SC,01/03/2020,0,0,0,0
Sul,SC,02/03/2020,0,0,0,0
Sul,SC,03/03/2020,0,0,0,0
Sul,SC,04/03/2020,0,0,0,0
Sul,SC,05/03/2020,0,0,0,0
Sul,SC,06/03/2020,0,0,0,0
Sul,SC,07/03/2020,0,0,0,0
Sul,SC,08/03/2020,0,0,0,0
Sul,SC,09/03/2020,0,0,0,0
Sul,SC,10/03/2020,0,0,0,0
Sul,SC,11/03/2020,0,0,0,0
Sul,SC,12/03/2020,0,0,0,0
Sul,SC,13/03/2020,2,2,0,0
Sul,SC,14/03/2020,2,4,0,0
Sul,SC,15/03/2020,2,6,0,0
Sul,SC,16/03/2020,1,7,0,0
Sul,SC,17/03/2020,0,7,0,0
Sul,SC,18/03/2020,3,10,0,0
Sul,SC,19/03/2020,10,20,0,0
Sul,SC,20/03/2020,1,21,0,0
Sul,SC,21/03/2020,30,51,0,0
Sul,SC,22/03/2020,6,57,0,0
Sul,SC,23/03/2020,11,68,0,0
Sul,SC,24/03/2020,39,107,0,0
Sul,SC,25/03/2020,2,109,0,0
Sul,SC,26/03/2020,13,122,1,1
Sul,SC,27/03/2020,27,149,0,1
Sul,SC,28/03/2020,35,184,0,1
Sul,SC,29/03/2020,10,194,0,1
Sul,SC,30/03/2020,3,197,0,1
Sul,SC,31/03/2020,22,219,1,2
Sul,SC,01/04/2020,16,235,0,2
Sul,SC,02/04/2020,12,247,0,2
Sul,SC,03/04/2020,34,281,3,5
Sul,SC,04/04/2020,53,334,0,5
Sul,SC,05/04/2020,23,357,5,10
Sul,RS,30/01/2020,0,0,0,0
Sul,RS,31/01/2020,0,0,0,0
Sul,RS,01/02/2020,0,0,0,0
Sul,RS,02/02/2020,0,0,0,0
Sul,RS,03/02/2020,0,0,0,0
Sul,RS,04/02/2020,0,0,0,0
Sul,RS,05/02/2020,0,0,0,0
Sul,RS,06/02/2020,0,0,0,0
Sul,RS,07/02/2020,0,0,0,0
Sul,RS,08/02/2020,0,0,0,0
Sul,RS,09/02/2020,0,0,0,0
Sul,RS,10/02/2020,0,0,0,0
Sul,RS,11/02/2020,0,0,0,0
Sul,RS,12/02/2020,0,0,0,0
Sul,RS,13/02/2020,0,0,0,0
Sul,RS,14/02/2020,0,0,0,0
Sul,RS,15/02/2020,0,0,0,0
Sul,RS,16/02/2020,0,0,0,0
Sul,RS,17/02/2020,0,0,0,0
Sul,RS,18/02/2020,0,0,0,0
Sul,RS,19/02/2020,0,0,0,0
Sul,RS,20/02/2020,0,0,0,0
Sul,RS,21/02/2020,0,0,0,0
Sul,RS,22/02/2020,0,0,0,0
Sul,RS,23/02/2020,0,0,0,0
Sul,RS,24/02/2020,0,0,0,0
Sul,RS,25/02/2020,0,0,0,0
Sul,RS,26/02/2020,0,0,0,0
Sul,RS,27/02/2020,0,0,0,0
Sul,RS,28/02/2020,0,0,0,0
Sul,RS,29/02/2020,0,0,0,0
Sul,RS,01/03/2020,0,0,0,0
Sul,RS,02/03/2020,0,0,0,0
Sul,RS,03/03/2020,0,0,0,0
Sul,RS,04/03/2020,0,0,0,0
Sul,RS,05/03/2020,0,0,0,0
Sul,RS,06/03/2020,0,0,0,0
Sul,RS,07/03/2020,0,0,0,0
Sul,RS,08/03/2020,0,0,0,0
Sul,RS,09/03/2020,0,0,0,0
Sul,RS,10/03/2020,1,1,0,0
Sul,RS,11/03/2020,1,2,0,0
Sul,RS,12/03/2020,2,4,0,0
Sul,RS,13/03/2020,0,4,0,0
Sul,RS,14/03/2020,2,6,0,0
Sul,RS,15/03/2020,0,6,0,0
Sul,RS,16/03/2020,0,6,0,0
Sul,RS,17/03/2020,4,10,0,0
Sul,RS,18/03/2020,9,19,0,0
Sul,RS,19/03/2020,9,28,0,0
Sul,RS,20/03/2020,9,37,0,0
Sul,RS,21/03/2020,23,60,0,0
Sul,RS,22/03/2020,12,72,0,0
Sul,RS,23/03/2020,14,86,0,0
Sul,RS,24/03/2020,12,98,0,0
Sul,RS,25/03/2020,25,123,1,1
Sul,RS,26/03/2020,45,168,0,1
Sul,RS,27/03/2020,27,195,1,2
Sul,RS,28/03/2020,2,197,0,2
Sul,RS,29/03/2020,29,226,0,2
Sul,RS,30/03/2020,15,241,1,3
Sul,RS,31/03/2020,33,274,1,4
Sul,RS,01/04/2020,32,306,0,4
Sul,RS,02/04/2020,28,334,1,5
Sul,RS,03/04/2020,62,396,0,5
Sul,RS,04/04/2020,14,410,1,6
Sul,RS,05/04/2020,8,418,1,7
Centro-Oeste,MS,30/01/2020,0,0,0,0
Centro-Oeste,MS,31/01/2020,0,0,0,0
Centro-Oeste,MS,01/02/2020,0,0,0,0
Centro-Oeste,MS,02/02/2020,0,0,0,0
Centro-Oeste,MS,03/02/2020,0,0,0,0
Centro-Oeste,MS,04/02/2020,0,0,0,0
Centro-Oeste,MS,05/02/2020,0,0,0,0
Centro-Oeste,MS,06/02/2020,0,0,0,0
Centro-Oeste,MS,07/02/2020,0,0,0,0
Centro-Oeste,MS,08/02/2020,0,0,0,0
Centro-Oeste,MS,09/02/2020,0,0,0,0
Centro-Oeste,MS,10/02/2020,0,0,0,0
Centro-Oeste,MS,11/02/2020,0,0,0,0
Centro-Oeste,MS,12/02/2020,0,0,0,0
Centro-Oeste,MS,13/02/2020,0,0,0,0
Centro-Oeste,MS,14/02/2020,0,0,0,0
Centro-Oeste,MS,15/02/2020,0,0,0,0
Centro-Oeste,MS,16/02/2020,0,0,0,0
Centro-Oeste,MS,17/02/2020,0,0,0,0
Centro-Oeste,MS,18/02/2020,0,0,0,0
Centro-Oeste,MS,19/02/2020,0,0,0,0
Centro-Oeste,MS,20/02/2020,0,0,0,0
Centro-Oeste,MS,21/02/2020,0,0,0,0
Centro-Oeste,MS,22/02/2020,0,0,0,0
Centro-Oeste,MS,23/02/2020,0,0,0,0
Centro-Oeste,MS,24/02/2020,0,0,0,0
Centro-Oeste,MS,25/02/2020,0,0,0,0
Centro-Oeste,MS,26/02/2020,0,0,0,0
Centro-Oeste,MS,27/02/2020,0,0,0,0
Centro-Oeste,MS,28/02/2020,0,0,0,0
Centro-Oeste,MS,29/02/2020,0,0,0,0
Centro-Oeste,MS,01/03/2020,0,0,0,0
Centro-Oeste,MS,02/03/2020,0,0,0,0
Centro-Oeste,MS,03/03/2020,0,0,0,0
Centro-Oeste,MS,04/03/2020,0,0,0,0
Centro-Oeste,MS,05/03/2020,0,0,0,0
Centro-Oeste,MS,06/03/2020,0,0,0,0
Centro-Oeste,MS,07/03/2020,0,0,0,0
Centro-Oeste,MS,08/03/2020,0,0,0,0
Centro-Oeste,MS,09/03/2020,0,0,0,0
Centro-Oeste,MS,10/03/2020,0,0,0,0
Centro-Oeste,MS,11/03/2020,0,0,0,0
Centro-Oeste,MS,12/03/2020,0,0,0,0
Centro-Oeste,MS,13/03/2020,0,0,0,0
Centro-Oeste,MS,14/03/2020,0,0,0,0
Centro-Oeste,MS,15/03/2020,0,0,0,0
Centro-Oeste,MS,16/03/2020,2,2,0,0
Centro-Oeste,MS,17/03/2020,2,4,0,0
Centro-Oeste,MS,18/03/2020,3,7,0,0
Centro-Oeste,MS,19/03/2020,0,7,0,0
Centro-Oeste,MS,20/03/2020,2,9,0,0
Centro-Oeste,MS,21/03/2020,7,16,0,0
Centro-Oeste,MS,22/03/2020,5,21,0,0
Centro-Oeste,MS,23/03/2020,0,21,0,0
Centro-Oeste,MS,24/03/2020,2,23,0,0
Centro-Oeste,MS,25/03/2020,1,24,0,0
Centro-Oeste,MS,26/03/2020,1,25,0,0
Centro-Oeste,MS,27/03/2020,3,28,0,0
Centro-Oeste,MS,28/03/2020,3,31,0,0
Centro-Oeste,MS,29/03/2020,5,36,0,0
Centro-Oeste,MS,30/03/2020,8,44,0,0
Centro-Oeste,MS,31/03/2020,4,48,1,1
Centro-Oeste,MS,01/04/2020,3,51,0,1
Centro-Oeste,MS,02/04/2020,2,53,0,1
Centro-Oeste,MS,03/04/2020,7,60,0,1
Centro-Oeste,MS,04/04/2020,2,62,0,1
Centro-Oeste,MS,05/04/2020,3,65,0,1
Centro-Oeste,MT,30/01/2020,0,0,0,0
Centro-Oeste,MT,31/01/2020,0,0,0,0
Centro-Oeste,MT,01/02/2020,0,0,0,0
Centro-Oeste,MT,02/02/2020,0,0,0,0
Centro-Oeste,MT,03/02/2020,0,0,0,0
Centro-Oeste,MT,04/02/2020,0,0,0,0
Centro-Oeste,MT,05/02/2020,0,0,0,0
Centro-Oeste,MT,06/02/2020,0,0,0,0
Centro-Oeste,MT,07/02/2020,0,0,0,0
Centro-Oeste,MT,08/02/2020,0,0,0,0
Centro-Oeste,MT,09/02/2020,0,0,0,0
Centro-Oeste,MT,10/02/2020,0,0,0,0
Centro-Oeste,MT,11/02/2020,0,0,0,0
Centro-Oeste,MT,12/02/2020,0,0,0,0
Centro-Oeste,MT,13/02/2020,0,0,0,0
Centro-Oeste,MT,14/02/2020,0,0,0,0
Centro-Oeste,MT,15/02/2020,0,0,0,0
Centro-Oeste,MT,16/02/2020,0,0,0,0
Centro-Oeste,MT,17/02/2020,0,0,0,0
Centro-Oeste,MT,18/02/2020,0,0,0,0
Centro-Oeste,MT,19/02/2020,0,0,0,0
Centro-Oeste,MT,20/02/2020,0,0,0,0
Centro-Oeste,MT,21/02/2020,0,0,0,0
Centro-Oeste,MT,22/02/2020,0,0,0,0
Centro-Oeste,MT,23/02/2020,0,0,0,0
Centro-Oeste,MT,24/02/2020,0,0,0,0
Centro-Oeste,MT,25/02/2020,0,0,0,0
Centro-Oeste,MT,26/02/2020,0,0,0,0
Centro-Oeste,MT,27/02/2020,0,0,0,0
Centro-Oeste,MT,28/02/2020,0,0,0,0
Centro-Oeste,MT,29/02/2020,0,0,0,0
Centro-Oeste,MT,01/03/2020,0,0,0,0
Centro-Oeste,MT,02/03/2020,0,0,0,0
Centro-Oeste,MT,03/03/2020,0,0,0,0
Centro-Oeste,MT,04/03/2020,0,0,0,0
Centro-Oeste,MT,05/03/2020,0,0,0,0
Centro-Oeste,MT,06/03/2020,0,0,0,0
Centro-Oeste,MT,07/03/2020,0,0,0,0
Centro-Oeste,MT,08/03/2020,0,0,0,0
Centro-Oeste,MT,09/03/2020,0,0,0,0
Centro-Oeste,MT,10/03/2020,0,0,0,0
Centro-Oeste,MT,11/03/2020,0,0,0,0
Centro-Oeste,MT,12/03/2020,0,0,0,0
Centro-Oeste,MT,13/03/2020,0,0,0,0
Centro-Oeste,MT,14/03/2020,0,0,0,0
Centro-Oeste,MT,15/03/2020,0,0,0,0
Centro-Oeste,MT,16/03/2020,0,0,0,0
Centro-Oeste,MT,17/03/2020,0,0,0,0
Centro-Oeste,MT,18/03/2020,0,0,0,0
Centro-Oeste,MT,19/03/2020,0,0,0,0
Centro-Oeste,MT,20/03/2020,1,1,0,0
Centro-Oeste,MT,21/03/2020,1,2,0,0
Centro-Oeste,MT,22/03/2020,0,2,0,0
Centro-Oeste,MT,23/03/2020,0,2,0,0
Centro-Oeste,MT,24/03/2020,5,7,0,0
Centro-Oeste,MT,25/03/2020,1,8,0,0
Centro-Oeste,MT,26/03/2020,3,11,0,0
Centro-Oeste,MT,27/03/2020,0,11,0,0
Centro-Oeste,MT,28/03/2020,2,13,0,0
Centro-Oeste,MT,29/03/2020,3,16,0,0
Centro-Oeste,MT,30/03/2020,2,18,0,0
Centro-Oeste,MT,31/03/2020,7,25,0,0
Centro-Oeste,MT,01/04/2020,2,27,0,0
Centro-Oeste,MT,02/04/2020,9,36,0,0
Centro-Oeste,MT,03/04/2020,8,44,1,1
Centro-Oeste,MT,04/04/2020,12,56,0,1
Centro-Oeste,MT,05/04/2020,4,60,0,1
Centro-Oeste,GO,30/01/2020,0,0,0,0
Centro-Oeste,GO,31/01/2020,0,0,0,0
Centro-Oeste,GO,01/02/2020,0,0,0,0
Centro-Oeste,GO,02/02/2020,0,0,0,0
Centro-Oeste,GO,03/02/2020,0,0,0,0
Centro-Oeste,GO,04/02/2020,0,0,0,0
Centro-Oeste,GO,05/02/2020,0,0,0,0
Centro-Oeste,GO,06/02/2020,0,0,0,0
Centro-Oeste,GO,07/02/2020,0,0,0,0
Centro-Oeste,GO,08/02/2020,0,0,0,0
Centro-Oeste,GO,09/02/2020,0,0,0,0
Centro-Oeste,GO,10/02/2020,0,0,0,0
Centro-Oeste,GO,11/02/2020,0,0,0,0
Centro-Oeste,GO,12/02/2020,0,0,0,0
Centro-Oeste,GO,13/02/2020,0,0,0,0
Centro-Oeste,GO,14/02/2020,0,0,0,0
Centro-Oeste,GO,15/02/2020,0,0,0,0
Centro-Oeste,GO,16/02/2020,0,0,0,0
Centro-Oeste,GO,17/02/2020,0,0,0,0
Centro-Oeste,GO,18/02/2020,0,0,0,0
Centro-Oeste,GO,19/02/2020,0,0,0,0
Centro-Oeste,GO,20/02/2020,0,0,0,0
Centro-Oeste,GO,21/02/2020,0,0,0,0
Centro-Oeste,GO,22/02/2020,0,0,0,0
Centro-Oeste,GO,23/02/2020,0,0,0,0
Centro-Oeste,GO,24/02/2020,0,0,0,0
Centro-Oeste,GO,25/02/2020,0,0,0,0
Centro-Oeste,GO,26/02/2020,0,0,0,0
Centro-Oeste,GO,27/02/2020,0,0,0,0
Centro-Oeste,GO,28/02/2020,0,0,0,0
Centro-Oeste,GO,29/02/2020,0,0,0,0
Centro-Oeste,GO,01/03/2020,0,0,0,0
Centro-Oeste,GO,02/03/2020,0,0,0,0
Centro-Oeste,GO,03/03/2020,0,0,0,0
Centro-Oeste,GO,04/03/2020,0,0,0,0
Centro-Oeste,GO,05/03/2020,0,0,0,0
Centro-Oeste,GO,06/03/2020,0,0,0,0
Centro-Oeste,GO,07/03/2020,0,0,0,0
Centro-Oeste,GO,08/03/2020,0,0,0,0
Centro-Oeste,GO,09/03/2020,0,0,0,0
Centro-Oeste,GO,10/03/2020,0,0,0,0
Centro-Oeste,GO,11/03/2020,0,0,0,0
Centro-Oeste,GO,12/03/2020,0,0,0,0
Centro-Oeste,GO,13/03/2020,3,3,0,0
Centro-Oeste,GO,14/03/2020,0,3,0,0
Centro-Oeste,GO,15/03/2020,0,3,0,0
Centro-Oeste,GO,16/03/2020,0,3,0,0
Centro-Oeste,GO,17/03/2020,3,6,0,0
Centro-Oeste,GO,18/03/2020,2,8,0,0
Centro-Oeste,GO,19/03/2020,4,12,0,0
Centro-Oeste,GO,20/03/2020,3,15,0,0
Centro-Oeste,GO,21/03/2020,5,20,0,0
Centro-Oeste,GO,22/03/2020,1,21,0,0
Centro-Oeste,GO,23/03/2020,2,23,0,0
Centro-Oeste,GO,24/03/2020,4,27,0,0
Centro-Oeste,GO,25/03/2020,2,29,0,0
Centro-Oeste,GO,26/03/2020,10,39,1,1
Centro-Oeste,GO,27/03/2020,10,49,0,1
Centro-Oeste,GO,28/03/2020,7,56,0,1
Centro-Oeste,GO,29/03/2020,2,58,0,1
Centro-Oeste,GO,30/03/2020,3,61,0,1
Centro-Oeste,GO,31/03/2020,4,65,0,1
Centro-Oeste,GO,01/04/2020,6,71,0,1
Centro-Oeste,GO,02/04/2020,2,73,0,1
Centro-Oeste,GO,03/04/2020,15,88,1,2
Centro-Oeste,GO,04/04/2020,15,103,0,2
Centro-Oeste,GO,05/04/2020,12,115,1,3
Centro-Oeste,DF,30/01/2020,0,0,0,0
Centro-Oeste,DF,31/01/2020,0,0,0,0
Centro-Oeste,DF,01/02/2020,0,0,0,0
Centro-Oeste,DF,02/02/2020,0,0,0,0
Centro-Oeste,DF,03/02/2020,0,0,0,0
Centro-Oeste,DF,04/02/2020,0,0,0,0
Centro-Oeste,DF,05/02/2020,0,0,0,0
Centro-Oeste,DF,06/02/2020,0,0,0,0
Centro-Oeste,DF,07/02/2020,0,0,0,0
Centro-Oeste,DF,08/02/2020,0,0,0,0
Centro-Oeste,DF,09/02/2020,0,0,0,0
Centro-Oeste,DF,10/02/2020,0,0,0,0
Centro-Oeste,DF,11/02/2020,0,0,0,0
Centro-Oeste,DF,12/02/2020,0,0,0,0
Centro-Oeste,DF,13/02/2020,0,0,0,0
Centro-Oeste,DF,14/02/2020,0,0,0,0
Centro-Oeste,DF,15/02/2020,0,0,0,0
Centro-Oeste,DF,16/02/2020,0,0,0,0
Centro-Oeste,DF,17/02/2020,0,0,0,0
Centro-Oeste,DF,18/02/2020,0,0,0,0
Centro-Oeste,DF,19/02/2020,0,0,0,0
Centro-Oeste,DF,20/02/2020,0,0,0,0
Centro-Oeste,DF,21/02/2020,0,0,0,0
Centro-Oeste,DF,22/02/2020,0,0,0,0
Centro-Oeste,DF,23/02/2020,0,0,0,0
Centro-Oeste,DF,24/02/2020,0,0,0,0
Centro-Oeste,DF,25/02/2020,0,0,0,0
Centro-Oeste,DF,26/02/2020,0,0,0,0
Centro-Oeste,DF,27/02/2020,0,0,0,0
Centro-Oeste,DF,28/02/2020,0,0,0,0
Centro-Oeste,DF,29/02/2020,0,0,0,0
Centro-Oeste,DF,01/03/2020,0,0,0,0
Centro-Oeste,DF,02/03/2020,0,0,0,0
Centro-Oeste,DF,03/03/2020,0,0,0,0
Centro-Oeste,DF,04/03/2020,0,0,0,0
Centro-Oeste,DF,05/03/2020,0,0,0,0
Centro-Oeste,DF,06/03/2020,0,0,0,0
Centro-Oeste,DF,07/03/2020,1,1,0,0
Centro-Oeste,DF,08/03/2020,0,1,0,0
Centro-Oeste,DF,09/03/2020,0,1,0,0
Centro-Oeste,DF,10/03/2020,0,1,0,0
Centro-Oeste,DF,11/03/2020,1,2,0,0
Centro-Oeste,DF,12/03/2020,0,2,0,0
Centro-Oeste,DF,13/03/2020,0,2,0,0
Centro-Oeste,DF,14/03/2020,4,6,0,0
Centro-Oeste,DF,15/03/2020,2,8,0,0
Centro-Oeste,DF,16/03/2020,5,13,0,0
Centro-Oeste,DF,17/03/2020,9,22,0,0
Centro-Oeste,DF,18/03/2020,4,26,0,0
Centro-Oeste,DF,19/03/2020,16,42,0,0
Centro-Oeste,DF,20/03/2020,45,87,0,0
Centro-Oeste,DF,21/03/2020,13,100,0,0
Centro-Oeste,DF,22/03/2020,17,117,0,0
Centro-Oeste,DF,23/03/2020,16,133,0,0
Centro-Oeste,DF,24/03/2020,27,160,0,0
Centro-Oeste,DF,25/03/2020,0,160,0,0
Centro-Oeste,DF,26/03/2020,40,200,0,0
Centro-Oeste,DF,27/03/2020,30,230,0,0
Centro-Oeste,DF,28/03/2020,30,260,0,0
Centro-Oeste,DF,29/03/2020,29,289,1,1
Centro-Oeste,DF,30/03/2020,23,312,0,1
Centro-Oeste,DF,31/03/2020,20,332,2,3
Centro-Oeste,DF,01/04/2020,23,355,0,3
Centro-Oeste,DF,02/04/2020,15,370,1,4
Centro-Oeste,DF,03/04/2020,32,402,1,5
Centro-Oeste,DF,04/04/2020,52,454,2,7
Centro-Oeste,DF,05/04/2020,14,468,0,7
